-- MySQL dump 10.13  Distrib 8.0.42, for Win64 (x86_64)
--
-- Host: 127.0.0.1    Database: ry-vue
-- ------------------------------------------------------
-- Server version	8.0.42

/*!40101 SET @OLD_CHARACTER_SET_CLIENT=@@CHARACTER_SET_CLIENT */;
/*!40101 SET @OLD_CHARACTER_SET_RESULTS=@@CHARACTER_SET_RESULTS */;
/*!40101 SET @OLD_COLLATION_CONNECTION=@@COLLATION_CONNECTION */;
/*!50503 SET NAMES utf8mb4 */;
/*!40103 SET @OLD_TIME_ZONE=@@TIME_ZONE */;
/*!40103 SET TIME_ZONE='+00:00' */;
/*!40014 SET @OLD_UNIQUE_CHECKS=@@UNIQUE_CHECKS, UNIQUE_CHECKS=0 */;
/*!40014 SET @OLD_FOREIGN_KEY_CHECKS=@@FOREIGN_KEY_CHECKS, FOREIGN_KEY_CHECKS=0 */;
/*!40101 SET @OLD_SQL_MODE=@@SQL_MODE, SQL_MODE='NO_AUTO_VALUE_ON_ZERO' */;
/*!40111 SET @OLD_SQL_NOTES=@@SQL_NOTES, SQL_NOTES=0 */;

--
-- Table structure for table `gen_table`
--

DROP TABLE IF EXISTS `gen_table`;
/*!40101 SET @saved_cs_client     = @@character_set_client */;
/*!50503 SET character_set_client = utf8mb4 */;
CREATE TABLE `gen_table` (
  `table_id` bigint NOT NULL AUTO_INCREMENT COMMENT '编号',
  `table_name` varchar(200) DEFAULT '' COMMENT '表名称',
  `table_comment` varchar(500) DEFAULT '' COMMENT '表描述',
  `sub_table_name` varchar(64) DEFAULT NULL COMMENT '关联子表的表名',
  `sub_table_fk_name` varchar(64) DEFAULT NULL COMMENT '子表关联的外键名',
  `class_name` varchar(100) DEFAULT '' COMMENT '实体类名称',
  `tpl_category` varchar(200) DEFAULT 'crud' COMMENT '使用的模板（crud单表操作 tree树表操作）',
  `tpl_web_type` varchar(30) DEFAULT '' COMMENT '前端模板类型（element-ui模版 element-plus模版）',
  `package_name` varchar(100) DEFAULT NULL COMMENT '生成包路径',
  `module_name` varchar(30) DEFAULT NULL COMMENT '生成模块名',
  `business_name` varchar(30) DEFAULT NULL COMMENT '生成业务名',
  `function_name` varchar(50) DEFAULT NULL COMMENT '生成功能名',
  `function_author` varchar(50) DEFAULT NULL COMMENT '生成功能作者',
  `gen_type` char(1) DEFAULT '0' COMMENT '生成代码方式（0zip压缩包 1自定义路径）',
  `gen_path` varchar(200) DEFAULT '/' COMMENT '生成路径（不填默认项目路径）',
  `options` varchar(1000) DEFAULT NULL COMMENT '其它生成选项',
  `create_by` varchar(64) DEFAULT '' COMMENT '创建者',
  `create_time` datetime DEFAULT NULL COMMENT '创建时间',
  `update_by` varchar(64) DEFAULT '' COMMENT '更新者',
  `update_time` datetime DEFAULT NULL COMMENT '更新时间',
  `remark` varchar(500) DEFAULT NULL COMMENT '备注',
  PRIMARY KEY (`table_id`)
) ENGINE=InnoDB AUTO_INCREMENT=4 DEFAULT CHARSET=utf8mb4 COLLATE=utf8mb4_0900_ai_ci COMMENT='代码生成业务表';
/*!40101 SET character_set_client = @saved_cs_client */;

--
-- Dumping data for table `gen_table`
--

LOCK TABLES `gen_table` WRITE;
/*!40000 ALTER TABLE `gen_table` DISABLE KEYS */;
INSERT INTO `gen_table` (`table_id`, `table_name`, `table_comment`, `sub_table_name`, `sub_table_fk_name`, `class_name`, `tpl_category`, `tpl_web_type`, `package_name`, `module_name`, `business_name`, `function_name`, `function_author`, `gen_type`, `gen_path`, `options`, `create_by`, `create_time`, `update_by`, `update_time`, `remark`) VALUES (2,'papers','论文管理','','','Papersfound','tree','element-plus','com.ruoyi.papersfound','papersfound','papersfound','论文查询','ws','0','/','{\"treeCode\":\"papers_id\",\"treeName\":\"papers_category\",\"treeParentCode\":\"parent_id\",\"parentMenuId\":0}','admin','2025-05-25 18:14:41','','2025-05-26 20:10:10',NULL),(3,'literatures','参考文献','','','Literatures','tree','element-plus','com.ruoyi.literatures','literatures','literatures','参考文献','ws','0','/','{\"treeCode\":\"literatures_id\",\"treeName\":\"literatures_category\",\"treeParentCode\":\"parent_id\",\"parentMenuId\":\"\"}','admin','2025-05-26 14:30:31','','2025-05-26 14:35:18',NULL);
/*!40000 ALTER TABLE `gen_table` ENABLE KEYS */;
UNLOCK TABLES;

--
-- Table structure for table `gen_table_column`
--

DROP TABLE IF EXISTS `gen_table_column`;
/*!40101 SET @saved_cs_client     = @@character_set_client */;
/*!50503 SET character_set_client = utf8mb4 */;
CREATE TABLE `gen_table_column` (
  `column_id` bigint NOT NULL AUTO_INCREMENT COMMENT '编号',
  `table_id` bigint DEFAULT NULL COMMENT '归属表编号',
  `column_name` varchar(200) DEFAULT NULL COMMENT '列名称',
  `column_comment` varchar(500) DEFAULT NULL COMMENT '列描述',
  `column_type` varchar(100) DEFAULT NULL COMMENT '列类型',
  `java_type` varchar(500) DEFAULT NULL COMMENT 'JAVA类型',
  `java_field` varchar(200) DEFAULT NULL COMMENT 'JAVA字段名',
  `is_pk` char(1) DEFAULT NULL COMMENT '是否主键（1是）',
  `is_increment` char(1) DEFAULT NULL COMMENT '是否自增（1是）',
  `is_required` char(1) DEFAULT NULL COMMENT '是否必填（1是）',
  `is_insert` char(1) DEFAULT NULL COMMENT '是否为插入字段（1是）',
  `is_edit` char(1) DEFAULT NULL COMMENT '是否编辑字段（1是）',
  `is_list` char(1) DEFAULT NULL COMMENT '是否列表字段（1是）',
  `is_query` char(1) DEFAULT NULL COMMENT '是否查询字段（1是）',
  `query_type` varchar(200) DEFAULT 'EQ' COMMENT '查询方式（等于、不等于、大于、小于、范围）',
  `html_type` varchar(200) DEFAULT NULL COMMENT '显示类型（文本框、文本域、下拉框、复选框、单选框、日期控件）',
  `dict_type` varchar(200) DEFAULT '' COMMENT '字典类型',
  `sort` int DEFAULT NULL COMMENT '排序',
  `create_by` varchar(64) DEFAULT '' COMMENT '创建者',
  `create_time` datetime DEFAULT NULL COMMENT '创建时间',
  `update_by` varchar(64) DEFAULT '' COMMENT '更新者',
  `update_time` datetime DEFAULT NULL COMMENT '更新时间',
  PRIMARY KEY (`column_id`)
) ENGINE=InnoDB AUTO_INCREMENT=41 DEFAULT CHARSET=utf8mb4 COLLATE=utf8mb4_0900_ai_ci COMMENT='代码生成业务表字段';
/*!40101 SET character_set_client = @saved_cs_client */;

--
-- Dumping data for table `gen_table_column`
--

LOCK TABLES `gen_table_column` WRITE;
/*!40000 ALTER TABLE `gen_table_column` DISABLE KEYS */;
INSERT INTO `gen_table_column` (`column_id`, `table_id`, `column_name`, `column_comment`, `column_type`, `java_type`, `java_field`, `is_pk`, `is_increment`, `is_required`, `is_insert`, `is_edit`, `is_list`, `is_query`, `query_type`, `html_type`, `dict_type`, `sort`, `create_by`, `create_time`, `update_by`, `update_time`) VALUES (15,2,'papers_id','论文id','bigint','Long','papersId','1','1','0','1',NULL,NULL,NULL,'EQ','input','',1,'admin','2025-05-25 18:14:41','','2025-05-26 20:10:10'),(16,2,'parent_id','父论文id','bigint','Long','parentId','0','0','0','1','0','0','0','EQ','input','',2,'admin','2025-05-25 18:14:41','','2025-05-26 20:10:10'),(17,2,'ancestors','祖级列表','varchar(50)','String','ancestors','0','0','0','1','0','0','0','EQ','input','',3,'admin','2025-05-25 18:14:41','','2025-05-26 20:10:10'),(18,2,'papers_category','论文分类','varchar(255)','String','papersCategory','0','0','1','1','1','1','1','EQ','input','',4,'admin','2025-05-25 18:14:41','','2025-05-26 20:10:10'),(19,2,'papers_name','论文名称','varchar(255)','String','papersName','0','0','1','1','1','1','1','LIKE','input','',5,'admin','2025-05-25 18:14:41','','2025-05-26 20:10:10'),(20,2,'author','作者','varchar(255)','String','author','0','0','1','1','1','1','1','LIKE','input','',6,'admin','2025-05-25 18:14:41','','2025-05-26 20:10:10'),(21,2,'keywords','关键字','varchar(255)','String','keywords','0','0','1','1','1','1','1','LIKE','input','',7,'admin','2025-05-25 18:14:41','','2025-05-26 20:10:10'),(22,2,'upload_time','上传时间','datetime','Date','uploadTime','0','0','0','1','1','1','1','EQ','datetime','',8,'admin','2025-05-25 18:14:41','','2025-05-26 20:10:10'),(23,2,'journal','期刊','varchar(255)','String','journal','0','0','1','1','1','1','1','LIKE','input','',9,'admin','2025-05-25 18:14:41','','2025-05-26 20:10:10'),(24,2,'file_name','文件名','varchar(255)','String','fileName','0','0','0','1','1','1','0','LIKE','input','',10,'admin','2025-05-25 18:14:41','','2025-05-26 20:10:10'),(25,2,'file_road','文件','varchar(500)','String','fileRoad','0','0','0','1','1','1','0','EQ','fileUpload','',11,'admin','2025-05-25 18:14:41','','2025-05-26 20:10:10'),(26,2,'dept_id','部门id','bigint','Long','deptId','0','0','0','1','0','0','0','EQ','input','',12,'admin','2025-05-25 18:14:41','','2025-05-26 20:10:10'),(27,2,'user_id','用户id','bigint','Long','userId','0','0','0','1','0','0','0','EQ','input','',13,'admin','2025-05-25 18:14:41','','2025-05-26 20:10:10'),(28,3,'literatures_id','文献id','bigint','Long','literaturesId','1','1','0','1',NULL,NULL,NULL,'EQ','input','',1,'admin','2025-05-26 14:30:32','','2025-05-26 14:35:18'),(29,3,'parent_id','父文献id','bigint','Long','parentId','0','0','0','1','0','0','0','EQ','input','',2,'admin','2025-05-26 14:30:32','','2025-05-26 14:35:18'),(30,3,'ancestors','祖级列表','varchar(50)','String','ancestors','0','0','0','1','0','0','0','EQ','input','',3,'admin','2025-05-26 14:30:32','','2025-05-26 14:35:18'),(31,3,'literatures_category','文献分类','varchar(255)','String','literaturesCategory','0','0','1','1','1','1','1','EQ','input','',4,'admin','2025-05-26 14:30:32','','2025-05-26 14:35:18'),(32,3,'literatures_name','文献名称','varchar(255)','String','literaturesName','0','0','1','1','1','1','1','LIKE','input','',5,'admin','2025-05-26 14:30:32','','2025-05-26 14:35:18'),(33,3,'author','作者','varchar(255)','String','author','0','0','1','1','1','1','1','LIKE','input','',6,'admin','2025-05-26 14:30:32','','2025-05-26 14:35:18'),(34,3,'keywords','关键字','varchar(255)','String','keywords','0','0','1','1','1','1','1','LIKE','input','',7,'admin','2025-05-26 14:30:32','','2025-05-26 14:35:18'),(35,3,'upload_time','上传时间','datetime','Date','uploadTime','0','0','0','1','1','1','1','EQ','datetime','',8,'admin','2025-05-26 14:30:32','','2025-05-26 14:35:18'),(36,3,'journal','期刊','varchar(255)','String','journal','0','0','1','1','1','1','1','LIKE','input','',9,'admin','2025-05-26 14:30:32','','2025-05-26 14:35:18'),(37,3,'file_name','文件名','varchar(255)','String','fileName','0','0','0','1','1','1','0','LIKE','input','',10,'admin','2025-05-26 14:30:32','','2025-05-26 14:35:18'),(38,3,'file_road','文件','varchar(500)','String','fileRoad','0','0','0','1','1','1','0','EQ','fileUpload','',11,'admin','2025-05-26 14:30:32','','2025-05-26 14:35:18'),(39,3,'dept_id','部门id','bigint','Long','deptId','0','0','0','1','0','0','0','EQ','input','',12,'admin','2025-05-26 14:30:32','','2025-05-26 14:35:18'),(40,3,'user_id','用户id','bigint','Long','userId','0','0','0','1','0','0','0','EQ','input','',13,'admin','2025-05-26 14:30:32','','2025-05-26 14:35:18');
/*!40000 ALTER TABLE `gen_table_column` ENABLE KEYS */;
UNLOCK TABLES;

--
-- Table structure for table `literatures`
--

DROP TABLE IF EXISTS `literatures`;
/*!40101 SET @saved_cs_client     = @@character_set_client */;
/*!50503 SET character_set_client = utf8mb4 */;
CREATE TABLE `literatures` (
  `literatures_id` bigint NOT NULL AUTO_INCREMENT COMMENT '文献id',
  `parent_id` bigint DEFAULT '0' COMMENT '父文献id',
  `ancestors` varchar(50) DEFAULT '' COMMENT '祖级列表',
  `literatures_category` varchar(255) DEFAULT '' COMMENT '文献分类',
  `literatures_name` varchar(255) DEFAULT NULL COMMENT '文献名称',
  `author` varchar(255) DEFAULT NULL COMMENT '作者',
  `keywords` varchar(255) DEFAULT NULL COMMENT '关键字',
  `upload_time` datetime DEFAULT NULL COMMENT '上传时间',
  `journal` varchar(255) DEFAULT NULL COMMENT '期刊',
  `file_name` varchar(255) DEFAULT '' COMMENT '文件名',
  `file_road` varchar(500) DEFAULT '' COMMENT '文件路径',
  `dept_id` bigint DEFAULT NULL COMMENT '部门id',
  `user_id` bigint DEFAULT NULL COMMENT '用户id',
  PRIMARY KEY (`literatures_id`)
) ENGINE=InnoDB AUTO_INCREMENT=1590 DEFAULT CHARSET=utf8mb4 COLLATE=utf8mb4_0900_ai_ci COMMENT='参考文献';
/*!40101 SET character_set_client = @saved_cs_client */;

--
-- Dumping data for table `literatures`
--

LOCK TABLES `literatures` WRITE;
/*!40000 ALTER TABLE `literatures` DISABLE KEYS */;
INSERT INTO `literatures` (`literatures_id`, `parent_id`, `ancestors`, `literatures_category`, `literatures_name`, `author`, `keywords`, `upload_time`, `journal`, `file_name`, `file_road`, `dept_id`, `user_id`) VALUES (218,0,'','计算机类',' ',' ',' ',NULL,' ','','',NULL,103),(219,218,'','理论计算机科学',' ',' ',' ',NULL,' ','','',NULL,103),(220,218,'','计算机系统与架构',' ',' ',' ',NULL,' ','','',NULL,103),(221,218,'','软件工程与编程技术',' ',' ',' ',NULL,' ','','',NULL,103),(222,219,'','算法设计与分析',' ',' ',' ',NULL,' ','','',NULL,103),(223,222,'','近似算法',' ',' ',' ',NULL,' ','','',NULL,103),(224,222,'','随机化算法',' ',' ',' ',NULL,' ','','',NULL,103),(225,220,'','处理器设计',' ',' ',' ',NULL,' ','','',NULL,103),(226,220,'','分布式系统',' ',' ',' ',NULL,' ','','',NULL,103),(227,219,'','计算复杂性理论',' ',' ',' ',NULL,' ','','',NULL,103),(228,227,'','参数复杂性',' ',' ',' ',NULL,' ','','',NULL,103),(229,227,'','通信复杂性',' ',' ',' ',NULL,' ','','',NULL,103),(230,225,'','多核架构',' ',' ',' ',NULL,' ','','',NULL,103),(231,225,'','异构计算',' ',' ',' ',NULL,' ','','',NULL,103),(232,226,'','C/S架构',' ',' ',' ',NULL,' ','','',NULL,103),(233,226,'','P2P架构',' ',' ',' ',NULL,' ','','',NULL,103),(234,221,'','软件开发方法学',' ',' ',' ',NULL,' ','','',NULL,103),(235,221,'','编程语言理论',' ',' ',' ',NULL,' ','','',NULL,103),(236,234,'','模型检测',' ',' ',' ',NULL,' ','','',NULL,103),(237,234,'','符号执行',' ',' ',' ',NULL,' ','','',NULL,103),(238,235,'','C语言',' ',' ',' ',NULL,' ','','',NULL,103),(239,235,'','Java',' ',' ',' ',NULL,' ','','',NULL,103),(240,0,'','文学研究',' ',' ',' ',NULL,' ','','',NULL,103),(241,240,'','研究范式',' ',' ',' ',NULL,' ','','',NULL,103),(242,240,'','文本形态研究',' ',' ',' ',NULL,' ','','',NULL,103),(243,241,'','外部研究',' ',' ',' ',NULL,' ','','',NULL,103),(244,241,'','内部研究',' ',' ',' ',NULL,' ','','',NULL,103),(245,243,'','社会历史批评',' ',' ',' ',NULL,' ','','',NULL,103),(246,243,'','传记与心理研究',' ',' ',' ',NULL,' ','','',NULL,103),(247,244,'','语言风格研究',' ',' ',' ',NULL,' ','','',NULL,103),(248,244,'','叙事结构解构',' ',' ',' ',NULL,' ','','',NULL,103),(249,242,'','文体类型研究',' ',' ',' ',NULL,' ','','',NULL,103),(250,242,'','跨文体比较',' ',' ',' ',NULL,' ','','',NULL,103),(251,249,'','小说研究',' ',' ',' ',NULL,' ','','',NULL,103),(252,249,'','传记研究',' ',' ',' ',NULL,' ','','',NULL,103),(253,250,'','散文诗化研究',' ',' ',' ',NULL,' ','','',NULL,103),(254,250,'','戏剧化小说',' ',' ',' ',NULL,' ','','',NULL,103),(255,0,'','设计学类',' ',' ',' ',NULL,' ','','',NULL,103),(256,255,'','设计学理论',' ',' ',' ',NULL,' ','','',NULL,103),(257,255,'','应用设计研究',' ',' ',' ',NULL,' ','','',NULL,103),(258,256,'','设计哲学与美学',' ',' ',' ',NULL,' ','','',NULL,103),(259,256,'','设计方法论',' ',' ',' ',NULL,' ','','',NULL,103),(260,258,'','设计伦理与社会责任',' ',' ',' ',NULL,' ','','',NULL,103),(261,258,'','设计美学原则',' ',' ',' ',NULL,' ','','',NULL,103),(262,259,'','设计思维与创新方法',' ',' ',' ',NULL,' ','','',NULL,103),(263,259,'','设计研究范式',' ',' ',' ',NULL,' ','','',NULL,103),(264,257,'','工业与产品设计',' ',' ',' ',NULL,' ','','',NULL,103),(265,257,'','视觉传达设计',' ',' ',' ',NULL,' ','','',NULL,103),(266,264,'','可持续产品设计',' ',' ',' ',NULL,' ','','',NULL,103),(267,264,'','智能产品设计',' ',' ',' ',NULL,' ','','',NULL,103),(268,265,'','数字媒体设计',' ',' ',' ',NULL,' ','','',NULL,103),(269,265,'','品牌与传播设计',' ',' ',' ',NULL,' ','','',NULL,103),(318,0,'','计算机类',' ',' ',' ',NULL,' ','','',NULL,104),(319,318,'','理论计算机科学',' ',' ',' ',NULL,' ','','',NULL,104),(320,318,'','计算机系统与架构',' ',' ',' ',NULL,' ','','',NULL,104),(321,318,'','软件工程与编程技术',' ',' ',' ',NULL,' ','','',NULL,104),(322,319,'','算法设计与分析',' ',' ',' ',NULL,' ','','',NULL,104),(323,322,'','近似算法',' ',' ',' ',NULL,' ','','',NULL,104),(324,322,'','随机化算法',' ',' ',' ',NULL,' ','','',NULL,104),(325,320,'','处理器设计',' ',' ',' ',NULL,' ','','',NULL,104),(326,320,'','分布式系统',' ',' ',' ',NULL,' ','','',NULL,104),(327,319,'','计算复杂性理论',' ',' ',' ',NULL,' ','','',NULL,104),(328,327,'','参数复杂性',' ',' ',' ',NULL,' ','','',NULL,104),(329,327,'','通信复杂性',' ',' ',' ',NULL,' ','','',NULL,104),(330,325,'','多核架构',' ',' ',' ',NULL,' ','','',NULL,104),(331,325,'','异构计算',' ',' ',' ',NULL,' ','','',NULL,104),(332,326,'','C/S架构',' ',' ',' ',NULL,' ','','',NULL,104),(333,326,'','P2P架构',' ',' ',' ',NULL,' ','','',NULL,104),(334,321,'','软件开发方法学',' ',' ',' ',NULL,' ','','',NULL,104),(335,321,'','编程语言理论',' ',' ',' ',NULL,' ','','',NULL,104),(336,334,'','模型检测',' ',' ',' ',NULL,' ','','',NULL,104),(337,334,'','符号执行',' ',' ',' ',NULL,' ','','',NULL,104),(338,335,'','C语言',' ',' ',' ',NULL,' ','','',NULL,104),(339,335,'','Java',' ',' ',' ',NULL,' ','','',NULL,104),(340,0,'','文学研究',' ',' ',' ',NULL,' ','','',NULL,104),(341,340,'','研究范式',' ',' ',' ',NULL,' ','','',NULL,104),(342,340,'','文本形态研究',' ',' ',' ',NULL,' ','','',NULL,104),(343,341,'','外部研究',' ',' ',' ',NULL,' ','','',NULL,104),(344,341,'','内部研究',' ',' ',' ',NULL,' ','','',NULL,104),(345,343,'','社会历史批评',' ',' ',' ',NULL,' ','','',NULL,104),(346,343,'','传记与心理研究',' ',' ',' ',NULL,' ','','',NULL,104),(347,344,'','语言风格研究',' ',' ',' ',NULL,' ','','',NULL,104),(348,344,'','叙事结构解构',' ',' ',' ',NULL,' ','','',NULL,104),(349,342,'','文体类型研究',' ',' ',' ',NULL,' ','','',NULL,104),(350,342,'','跨文体比较',' ',' ',' ',NULL,' ','','',NULL,104),(351,349,'','小说研究',' ',' ',' ',NULL,' ','','',NULL,104),(352,349,'','传记研究',' ',' ',' ',NULL,' ','','',NULL,104),(353,350,'','散文诗化研究',' ',' ',' ',NULL,' ','','',NULL,104),(354,350,'','戏剧化小说',' ',' ',' ',NULL,' ','','',NULL,104),(355,0,'','设计学类',' ',' ',' ',NULL,' ','','',NULL,104),(356,355,'','设计学理论',' ',' ',' ',NULL,' ','','',NULL,104),(357,355,'','应用设计研究',' ',' ',' ',NULL,' ','','',NULL,104),(358,356,'','设计哲学与美学',' ',' ',' ',NULL,' ','','',NULL,104),(359,356,'','设计方法论',' ',' ',' ',NULL,' ','','',NULL,104),(360,358,'','设计伦理与社会责任',' ',' ',' ',NULL,' ','','',NULL,104),(361,358,'','设计美学原则',' ',' ',' ',NULL,' ','','',NULL,104),(362,359,'','设计思维与创新方法',' ',' ',' ',NULL,' ','','',NULL,104),(363,359,'','设计研究范式',' ',' ',' ',NULL,' ','','',NULL,104),(364,357,'','工业与产品设计',' ',' ',' ',NULL,' ','','',NULL,104),(365,357,'','视觉传达设计',' ',' ',' ',NULL,' ','','',NULL,104),(366,364,'','可持续产品设计',' ',' ',' ',NULL,' ','','',NULL,104),(367,364,'','智能产品设计',' ',' ',' ',NULL,' ','','',NULL,104),(368,365,'','数字媒体设计',' ',' ',' ',NULL,' ','','',NULL,104),(369,365,'','品牌与传播设计',' ',' ',' ',NULL,' ','','',NULL,104),(418,0,'','计算机类',' ',' ',' ',NULL,' ','','',NULL,105),(419,418,'','理论计算机科学',' ',' ',' ',NULL,' ','','',NULL,105),(420,418,'','计算机系统与架构',' ',' ',' ',NULL,' ','','',NULL,105),(421,418,'','软件工程与编程技术',' ',' ',' ',NULL,' ','','',NULL,105),(422,419,'','算法设计与分析',' ',' ',' ',NULL,' ','','',NULL,105),(423,422,'','近似算法',' ',' ',' ',NULL,' ','','',NULL,105),(424,422,'','随机化算法',' ',' ',' ',NULL,' ','','',NULL,105),(425,420,'','处理器设计',' ',' ',' ',NULL,' ','','',NULL,105),(426,420,'','分布式系统',' ',' ',' ',NULL,' ','','',NULL,105),(427,419,'','计算复杂性理论',' ',' ',' ',NULL,' ','','',NULL,105),(428,427,'','参数复杂性',' ',' ',' ',NULL,' ','','',NULL,105),(429,427,'','通信复杂性',' ',' ',' ',NULL,' ','','',NULL,105),(430,425,'','多核架构',' ',' ',' ',NULL,' ','','',NULL,105),(431,425,'','异构计算',' ',' ',' ',NULL,' ','','',NULL,105),(432,426,'','C/S架构',' ',' ',' ',NULL,' ','','',NULL,105),(433,426,'','P2P架构',' ',' ',' ',NULL,' ','','',NULL,105),(434,421,'','软件开发方法学',' ',' ',' ',NULL,' ','','',NULL,105),(435,421,'','编程语言理论',' ',' ',' ',NULL,' ','','',NULL,105),(436,434,'','模型检测',' ',' ',' ',NULL,' ','','',NULL,105),(437,434,'','符号执行',' ',' ',' ',NULL,' ','','',NULL,105),(438,435,'','C语言',' ',' ',' ',NULL,' ','','',NULL,105),(439,435,'','Java',' ',' ',' ',NULL,' ','','',NULL,105),(440,0,'','文学研究',' ',' ',' ',NULL,' ','','',NULL,105),(441,440,'','研究范式',' ',' ',' ',NULL,' ','','',NULL,105),(442,440,'','文本形态研究',' ',' ',' ',NULL,' ','','',NULL,105),(443,441,'','外部研究',' ',' ',' ',NULL,' ','','',NULL,105),(444,441,'','内部研究',' ',' ',' ',NULL,' ','','',NULL,105),(445,443,'','社会历史批评',' ',' ',' ',NULL,' ','','',NULL,105),(446,443,'','传记与心理研究',' ',' ',' ',NULL,' ','','',NULL,105),(447,444,'','语言风格研究',' ',' ',' ',NULL,' ','','',NULL,105),(448,444,'','叙事结构解构',' ',' ',' ',NULL,' ','','',NULL,105),(449,442,'','文体类型研究',' ',' ',' ',NULL,' ','','',NULL,105),(450,442,'','跨文体比较',' ',' ',' ',NULL,' ','','',NULL,105),(451,449,'','小说研究',' ',' ',' ',NULL,' ','','',NULL,105),(452,449,'','传记研究',' ',' ',' ',NULL,' ','','',NULL,105),(453,450,'','散文诗化研究',' ',' ',' ',NULL,' ','','',NULL,105),(454,450,'','戏剧化小说',' ',' ',' ',NULL,' ','','',NULL,105),(455,0,'','设计学类',' ',' ',' ',NULL,' ','','',NULL,105),(456,455,'','设计学理论',' ',' ',' ',NULL,' ','','',NULL,105),(457,455,'','应用设计研究',' ',' ',' ',NULL,' ','','',NULL,105),(458,456,'','设计哲学与美学',' ',' ',' ',NULL,' ','','',NULL,105),(459,456,'','设计方法论',' ',' ',' ',NULL,' ','','',NULL,105),(460,458,'','设计伦理与社会责任',' ',' ',' ',NULL,' ','','',NULL,105),(461,458,'','设计美学原则',' ',' ',' ',NULL,' ','','',NULL,105),(462,459,'','设计思维与创新方法',' ',' ',' ',NULL,' ','','',NULL,105),(463,459,'','设计研究范式',' ',' ',' ',NULL,' ','','',NULL,105),(464,457,'','工业与产品设计',' ',' ',' ',NULL,' ','','',NULL,105),(465,457,'','视觉传达设计',' ',' ',' ',NULL,' ','','',NULL,105),(466,464,'','可持续产品设计',' ',' ',' ',NULL,' ','','',NULL,105),(467,464,'','智能产品设计',' ',' ',' ',NULL,' ','','',NULL,105),(468,465,'','数字媒体设计',' ',' ',' ',NULL,' ','','',NULL,105),(469,465,'','品牌与传播设计',' ',' ',' ',NULL,' ','','',NULL,105),(518,0,'','计算机类',' ',' ',' ',NULL,' ','','',NULL,106),(519,518,'','理论计算机科学',' ',' ',' ',NULL,' ','','',NULL,106),(520,518,'','计算机系统与架构',' ',' ',' ',NULL,' ','','',NULL,106),(521,518,'','软件工程与编程技术',' ',' ',' ',NULL,' ','','',NULL,106),(522,519,'','算法设计与分析',' ',' ',' ',NULL,' ','','',NULL,106),(523,522,'','近似算法',' ',' ',' ',NULL,' ','','',NULL,106),(524,522,'','随机化算法',' ',' ',' ',NULL,' ','','',NULL,106),(525,520,'','处理器设计',' ',' ',' ',NULL,' ','','',NULL,106),(526,520,'','分布式系统',' ',' ',' ',NULL,' ','','',NULL,106),(527,519,'','计算复杂性理论',' ',' ',' ',NULL,' ','','',NULL,106),(528,527,'','参数复杂性',' ',' ',' ',NULL,' ','','',NULL,106),(529,527,'','通信复杂性',' ',' ',' ',NULL,' ','','',NULL,106),(530,525,'','多核架构',' ',' ',' ',NULL,' ','','',NULL,106),(531,525,'','异构计算',' ',' ',' ',NULL,' ','','',NULL,106),(532,526,'','C/S架构',' ',' ',' ',NULL,' ','','',NULL,106),(533,526,'','P2P架构',' ',' ',' ',NULL,' ','','',NULL,106),(534,521,'','软件开发方法学',' ',' ',' ',NULL,' ','','',NULL,106),(535,521,'','编程语言理论',' ',' ',' ',NULL,' ','','',NULL,106),(536,534,'','模型检测',' ',' ',' ',NULL,' ','','',NULL,106),(537,534,'','符号执行',' ',' ',' ',NULL,' ','','',NULL,106),(538,535,'','C语言',' ',' ',' ',NULL,' ','','',NULL,106),(539,535,'','Java',' ',' ',' ',NULL,' ','','',NULL,106),(540,0,'','文学研究',' ',' ',' ',NULL,' ','','',NULL,106),(541,540,'','研究范式',' ',' ',' ',NULL,' ','','',NULL,106),(542,540,'','文本形态研究',' ',' ',' ',NULL,' ','','',NULL,106),(543,541,'','外部研究',' ',' ',' ',NULL,' ','','',NULL,106),(544,541,'','内部研究',' ',' ',' ',NULL,' ','','',NULL,106),(545,543,'','社会历史批评',' ',' ',' ',NULL,' ','','',NULL,106),(546,543,'','传记与心理研究',' ',' ',' ',NULL,' ','','',NULL,106),(547,544,'','语言风格研究',' ',' ',' ',NULL,' ','','',NULL,106),(548,544,'','叙事结构解构',' ',' ',' ',NULL,' ','','',NULL,106),(549,542,'','文体类型研究',' ',' ',' ',NULL,' ','','',NULL,106),(550,542,'','跨文体比较',' ',' ',' ',NULL,' ','','',NULL,106),(551,549,'','小说研究',' ',' ',' ',NULL,' ','','',NULL,106),(552,549,'','传记研究',' ',' ',' ',NULL,' ','','',NULL,106),(553,550,'','散文诗化研究',' ',' ',' ',NULL,' ','','',NULL,106),(554,550,'','戏剧化小说',' ',' ',' ',NULL,' ','','',NULL,106),(555,0,'','设计学类',' ',' ',' ',NULL,' ','','',NULL,106),(556,555,'','设计学理论',' ',' ',' ',NULL,' ','','',NULL,106),(557,555,'','应用设计研究',' ',' ',' ',NULL,' ','','',NULL,106),(558,556,'','设计哲学与美学',' ',' ',' ',NULL,' ','','',NULL,106),(559,556,'','设计方法论',' ',' ',' ',NULL,' ','','',NULL,106),(560,558,'','设计伦理与社会责任',' ',' ',' ',NULL,' ','','',NULL,106),(561,558,'','设计美学原则',' ',' ',' ',NULL,' ','','',NULL,106),(562,559,'','设计思维与创新方法',' ',' ',' ',NULL,' ','','',NULL,106),(563,559,'','设计研究范式',' ',' ',' ',NULL,' ','','',NULL,106),(564,557,'','工业与产品设计',' ',' ',' ',NULL,' ','','',NULL,106),(565,557,'','视觉传达设计',' ',' ',' ',NULL,' ','','',NULL,106),(566,564,'','可持续产品设计',' ',' ',' ',NULL,' ','','',NULL,106),(567,564,'','智能产品设计',' ',' ',' ',NULL,' ','','',NULL,106),(568,565,'','数字媒体设计',' ',' ',' ',NULL,' ','','',NULL,106),(569,565,'','品牌与传播设计',' ',' ',' ',NULL,' ','','',NULL,106),(618,0,'','计算机类',' ',' ',' ',NULL,' ','','',NULL,107),(619,618,'','理论计算机科学',' ',' ',' ',NULL,' ','','',NULL,107),(620,618,'','计算机系统与架构',' ',' ',' ',NULL,' ','','',NULL,107),(621,618,'','软件工程与编程技术',' ',' ',' ',NULL,' ','','',NULL,107),(622,619,'','算法设计与分析',' ',' ',' ',NULL,' ','','',NULL,107),(623,622,'','近似算法',' ',' ',' ',NULL,' ','','',NULL,107),(624,622,'','随机化算法',' ',' ',' ',NULL,' ','','',NULL,107),(625,620,'','处理器设计',' ',' ',' ',NULL,' ','','',NULL,107),(626,620,'','分布式系统',' ',' ',' ',NULL,' ','','',NULL,107),(627,619,'','计算复杂性理论',' ',' ',' ',NULL,' ','','',NULL,107),(628,627,'','参数复杂性',' ',' ',' ',NULL,' ','','',NULL,107),(629,627,'','通信复杂性',' ',' ',' ',NULL,' ','','',NULL,107),(630,625,'','多核架构',' ',' ',' ',NULL,' ','','',NULL,107),(631,625,'','异构计算',' ',' ',' ',NULL,' ','','',NULL,107),(632,626,'','C/S架构',' ',' ',' ',NULL,' ','','',NULL,107),(633,626,'','P2P架构',' ',' ',' ',NULL,' ','','',NULL,107),(634,621,'','软件开发方法学',' ',' ',' ',NULL,' ','','',NULL,107),(635,621,'','编程语言理论',' ',' ',' ',NULL,' ','','',NULL,107),(636,634,'','模型检测',' ',' ',' ',NULL,' ','','',NULL,107),(637,634,'','符号执行',' ',' ',' ',NULL,' ','','',NULL,107),(638,635,'','C语言',' ',' ',' ',NULL,' ','','',NULL,107),(639,635,'','Java',' ',' ',' ',NULL,' ','','',NULL,107),(640,0,'','文学研究',' ',' ',' ',NULL,' ','','',NULL,107),(641,640,'','研究范式',' ',' ',' ',NULL,' ','','',NULL,107),(642,640,'','文本形态研究',' ',' ',' ',NULL,' ','','',NULL,107),(643,641,'','外部研究',' ',' ',' ',NULL,' ','','',NULL,107),(644,641,'','内部研究',' ',' ',' ',NULL,' ','','',NULL,107),(645,643,'','社会历史批评',' ',' ',' ',NULL,' ','','',NULL,107),(646,643,'','传记与心理研究',' ',' ',' ',NULL,' ','','',NULL,107),(647,644,'','语言风格研究',' ',' ',' ',NULL,' ','','',NULL,107),(648,644,'','叙事结构解构',' ',' ',' ',NULL,' ','','',NULL,107),(649,642,'','文体类型研究',' ',' ',' ',NULL,' ','','',NULL,107),(650,642,'','跨文体比较',' ',' ',' ',NULL,' ','','',NULL,107),(651,649,'','小说研究',' ',' ',' ',NULL,' ','','',NULL,107),(652,649,'','传记研究',' ',' ',' ',NULL,' ','','',NULL,107),(653,650,'','散文诗化研究',' ',' ',' ',NULL,' ','','',NULL,107),(654,650,'','戏剧化小说',' ',' ',' ',NULL,' ','','',NULL,107),(655,0,'','设计学类',' ',' ',' ',NULL,' ','','',NULL,107),(656,655,'','设计学理论',' ',' ',' ',NULL,' ','','',NULL,107),(657,655,'','应用设计研究',' ',' ',' ',NULL,' ','','',NULL,107),(658,656,'','设计哲学与美学',' ',' ',' ',NULL,' ','','',NULL,107),(659,656,'','设计方法论',' ',' ',' ',NULL,' ','','',NULL,107),(660,658,'','设计伦理与社会责任',' ',' ',' ',NULL,' ','','',NULL,107),(661,658,'','设计美学原则',' ',' ',' ',NULL,' ','','',NULL,107),(662,659,'','设计思维与创新方法',' ',' ',' ',NULL,' ','','',NULL,107),(663,659,'','设计研究范式',' ',' ',' ',NULL,' ','','',NULL,107),(664,657,'','工业与产品设计',' ',' ',' ',NULL,' ','','',NULL,107),(665,657,'','视觉传达设计',' ',' ',' ',NULL,' ','','',NULL,107),(666,664,'','可持续产品设计',' ',' ',' ',NULL,' ','','',NULL,107),(667,664,'','智能产品设计',' ',' ',' ',NULL,' ','','',NULL,107),(668,665,'','数字媒体设计',' ',' ',' ',NULL,' ','','',NULL,107),(669,665,'','品牌与传播设计',' ',' ',' ',NULL,' ','','',NULL,107),(718,0,'','计算机类',' ',' ',' ',NULL,' ','','',NULL,108),(719,718,'','理论计算机科学',' ',' ',' ',NULL,' ','','',NULL,108),(720,718,'','计算机系统与架构',' ',' ',' ',NULL,' ','','',NULL,108),(721,718,'','软件工程与编程技术',' ',' ',' ',NULL,' ','','',NULL,108),(722,719,'','算法设计与分析',' ',' ',' ',NULL,' ','','',NULL,108),(723,722,'','近似算法',' ',' ',' ',NULL,' ','','',NULL,108),(724,722,'','随机化算法',' ',' ',' ',NULL,' ','','',NULL,108),(725,720,'','处理器设计',' ',' ',' ',NULL,' ','','',NULL,108),(726,720,'','分布式系统',' ',' ',' ',NULL,' ','','',NULL,108),(727,719,'','计算复杂性理论',' ',' ',' ',NULL,' ','','',NULL,108),(728,727,'','参数复杂性',' ',' ',' ',NULL,' ','','',NULL,108),(729,727,'','通信复杂性',' ',' ',' ',NULL,' ','','',NULL,108),(730,725,'','多核架构',' ',' ',' ',NULL,' ','','',NULL,108),(731,725,'','异构计算',' ',' ',' ',NULL,' ','','',NULL,108),(732,726,'','C/S架构',' ',' ',' ',NULL,' ','','',NULL,108),(733,726,'','P2P架构',' ',' ',' ',NULL,' ','','',NULL,108),(734,721,'','软件开发方法学',' ',' ',' ',NULL,' ','','',NULL,108),(735,721,'','编程语言理论',' ',' ',' ',NULL,' ','','',NULL,108),(736,734,'','模型检测',' ',' ',' ',NULL,' ','','',NULL,108),(737,734,'','符号执行',' ',' ',' ',NULL,' ','','',NULL,108),(738,735,'','C语言',' ',' ',' ',NULL,' ','','',NULL,108),(739,735,'','Java',' ',' ',' ',NULL,' ','','',NULL,108),(740,0,'','文学研究',' ',' ',' ',NULL,' ','','',NULL,108),(741,740,'','研究范式',' ',' ',' ',NULL,' ','','',NULL,108),(742,740,'','文本形态研究',' ',' ',' ',NULL,' ','','',NULL,108),(743,741,'','外部研究',' ',' ',' ',NULL,' ','','',NULL,108),(744,741,'','内部研究',' ',' ',' ',NULL,' ','','',NULL,108),(745,743,'','社会历史批评',' ',' ',' ',NULL,' ','','',NULL,108),(746,743,'','传记与心理研究',' ',' ',' ',NULL,' ','','',NULL,108),(747,744,'','语言风格研究',' ',' ',' ',NULL,' ','','',NULL,108),(748,744,'','叙事结构解构',' ',' ',' ',NULL,' ','','',NULL,108),(749,742,'','文体类型研究',' ',' ',' ',NULL,' ','','',NULL,108),(750,742,'','跨文体比较',' ',' ',' ',NULL,' ','','',NULL,108),(751,749,'','小说研究',' ',' ',' ',NULL,' ','','',NULL,108),(752,749,'','传记研究',' ',' ',' ',NULL,' ','','',NULL,108),(753,750,'','散文诗化研究',' ',' ',' ',NULL,' ','','',NULL,108),(754,750,'','戏剧化小说',' ',' ',' ',NULL,' ','','',NULL,108),(755,0,'','设计学类',' ',' ',' ',NULL,' ','','',NULL,108),(756,755,'','设计学理论',' ',' ',' ',NULL,' ','','',NULL,108),(757,755,'','应用设计研究',' ',' ',' ',NULL,' ','','',NULL,108),(758,756,'','设计哲学与美学',' ',' ',' ',NULL,' ','','',NULL,108),(759,756,'','设计方法论',' ',' ',' ',NULL,' ','','',NULL,108),(760,758,'','设计伦理与社会责任',' ',' ',' ',NULL,' ','','',NULL,108),(761,758,'','设计美学原则',' ',' ',' ',NULL,' ','','',NULL,108),(762,759,'','设计思维与创新方法',' ',' ',' ',NULL,' ','','',NULL,108),(763,759,'','设计研究范式',' ',' ',' ',NULL,' ','','',NULL,108),(764,757,'','工业与产品设计',' ',' ',' ',NULL,' ','','',NULL,108),(765,757,'','视觉传达设计',' ',' ',' ',NULL,' ','','',NULL,108),(766,764,'','可持续产品设计',' ',' ',' ',NULL,' ','','',NULL,108),(767,764,'','智能产品设计',' ',' ',' ',NULL,' ','','',NULL,108),(768,765,'','数字媒体设计',' ',' ',' ',NULL,' ','','',NULL,108),(769,765,'','品牌与传播设计',' ',' ',' ',NULL,' ','','',NULL,108),(1586,223,'','近似算法','小明近似算法参考文献','小明','小明近似算法参考文献','2025-05-27 00:00:00','二区','小明近似算法参考文献','/profile/upload/2025/05/27/小明近似算法参考文献_20250527234842A001.doc',NULL,103),(1587,229,'','通信复杂性','小明通信复杂性参考文献','小明','小明通信复杂性参考文献','2025-05-27 00:00:00','一区','小明通信复杂性参考文献','/profile/upload/2025/05/27/小明通信复杂性参考文献_20250527235018A002.doc',NULL,103),(1588,323,'','近似算法','小红近似算法参考文献','小红','小红近似算法参考文献','2025-05-27 00:00:00','三区','小红近似算法参考文献','/profile/upload/2025/05/27/小红近似算法参考文献_20250527235301A003.doc',NULL,104),(1589,330,'','小红多核架构参考文献','多核架构','小红','小红多核架构参考文献','2025-05-27 00:00:00','四区','小红多核架构参考文献','/profile/upload/2025/05/27/小红多核架构参考文献_20250527235349A004.doc',NULL,104);
/*!40000 ALTER TABLE `literatures` ENABLE KEYS */;
UNLOCK TABLES;

--
-- Table structure for table `papers`
--

DROP TABLE IF EXISTS `papers`;
/*!40101 SET @saved_cs_client     = @@character_set_client */;
/*!50503 SET character_set_client = utf8mb4 */;
CREATE TABLE `papers` (
  `papers_id` bigint NOT NULL AUTO_INCREMENT COMMENT '论文id',
  `parent_id` bigint DEFAULT '0' COMMENT '父论文id',
  `ancestors` varchar(50) DEFAULT '' COMMENT '祖级列表',
  `papers_category` varchar(255) DEFAULT '' COMMENT '论文分类',
  `papers_name` varchar(255) DEFAULT NULL COMMENT '论文名称',
  `author` varchar(255) DEFAULT NULL COMMENT '作者',
  `keywords` varchar(255) DEFAULT NULL COMMENT '关键字',
  `upload_time` datetime DEFAULT NULL COMMENT '上传时间',
  `journal` varchar(255) DEFAULT NULL COMMENT '期刊',
  `file_name` varchar(255) DEFAULT '' COMMENT '文件名',
  `file_road` varchar(500) DEFAULT '' COMMENT '文件路径',
  `dept_id` bigint DEFAULT NULL COMMENT '部门id',
  `user_id` bigint DEFAULT NULL COMMENT '用户id',
  PRIMARY KEY (`papers_id`)
) ENGINE=InnoDB AUTO_INCREMENT=306 DEFAULT CHARSET=utf8mb4 COLLATE=utf8mb4_0900_ai_ci COMMENT='论文管理';
/*!40101 SET character_set_client = @saved_cs_client */;

--
-- Dumping data for table `papers`
--

LOCK TABLES `papers` WRITE;
/*!40000 ALTER TABLE `papers` DISABLE KEYS */;
INSERT INTO `papers` (`papers_id`, `parent_id`, `ancestors`, `papers_category`, `papers_name`, `author`, `keywords`, `upload_time`, `journal`, `file_name`, `file_road`, `dept_id`, `user_id`) VALUES (218,0,'','计算机类',' ',' ',' ',NULL,' ','','',NULL,NULL),(219,218,'','理论计算机科学',' ',' ',' ',NULL,' ','','',NULL,NULL),(220,218,'','计算机系统与架构',' ',' ',' ',NULL,' ','','',NULL,NULL),(221,218,'','软件工程与编程技术',' ',' ',' ',NULL,' ','','',NULL,NULL),(222,219,'','算法设计与分析',' ',' ',' ',NULL,' ','','',NULL,NULL),(223,222,'','近似算法',' ',' ',' ',NULL,' ','','',NULL,NULL),(224,222,'','随机化算法',' ',' ',' ',NULL,' ','','',NULL,NULL),(225,220,'','处理器设计',' ',' ',' ',NULL,' ','','',NULL,NULL),(226,220,'','分布式系统',' ',' ',' ',NULL,' ','','',NULL,NULL),(227,219,'','计算复杂性理论',' ',' ',' ',NULL,' ','','',NULL,NULL),(228,227,'','参数复杂性',' ',' ',' ',NULL,' ','','',NULL,NULL),(229,227,'','通信复杂性',' ',' ',' ',NULL,' ','','',NULL,NULL),(230,225,'','多核架构',' ',' ',' ',NULL,' ','','',NULL,NULL),(231,225,'','异构计算',' ',' ',' ',NULL,' ','','',NULL,NULL),(232,226,'','C/S架构',' ',' ',' ',NULL,' ','','',NULL,NULL),(233,226,'','P2P架构',' ',' ',' ',NULL,' ','','',NULL,NULL),(234,221,'','软件开发方法学',' ',' ',' ',NULL,' ','','',NULL,NULL),(235,221,'','编程语言理论',' ',' ',' ',NULL,' ','','',NULL,NULL),(236,234,'','模型检测',' ',' ',' ',NULL,' ','','',NULL,NULL),(237,234,'','符号执行',' ',' ',' ',NULL,' ','','',NULL,NULL),(238,235,'','C语言',' ',' ',' ',NULL,' ','','',NULL,NULL),(239,235,'','Java',' ',' ',' ',NULL,' ','','',NULL,NULL),(240,0,'','文学研究',' ',' ',' ',NULL,' ','','',NULL,NULL),(241,240,'','研究范式',' ',' ',' ',NULL,' ','','',NULL,NULL),(242,240,'','文本形态研究',' ',' ',' ',NULL,' ','','',NULL,NULL),(243,241,'','外部研究',' ',' ',' ',NULL,' ','','',NULL,NULL),(244,241,'','内部研究',' ',' ',' ',NULL,' ','','',NULL,NULL),(245,243,'','社会历史批评',' ',' ',' ',NULL,' ','','',NULL,NULL),(246,243,'','传记与心理研究',' ',' ',' ',NULL,' ','','',NULL,NULL),(247,244,'','语言风格研究',' ',' ',' ',NULL,' ','','',NULL,NULL),(248,244,'','叙事结构解构',' ',' ',' ',NULL,' ','','',NULL,NULL),(249,242,'','文体类型研究',' ',' ',' ',NULL,' ','','',NULL,NULL),(250,242,'','跨文体比较',' ',' ',' ',NULL,' ','','',NULL,NULL),(251,249,'','小说研究',' ',' ',' ',NULL,' ','','',NULL,NULL),(252,249,'','传记研究',' ',' ',' ',NULL,' ','','',NULL,NULL),(253,250,'','散文诗化研究',' ',' ',' ',NULL,' ','','',NULL,NULL),(254,250,'','戏剧化小说',' ',' ',' ',NULL,' ','','',NULL,NULL),(255,0,'','设计学类',' ',' ',' ',NULL,' ','','',NULL,NULL),(256,255,'','设计学理论',' ',' ',' ',NULL,' ','','',NULL,NULL),(257,255,'','应用设计研究',' ',' ',' ',NULL,' ','','',NULL,NULL),(258,256,'','设计哲学与美学',' ',' ',' ',NULL,' ','','',NULL,NULL),(259,256,'','设计方法论',' ',' ',' ',NULL,' ','','',NULL,NULL),(260,258,'','设计伦理与社会责任',' ',' ',' ',NULL,' ','','',NULL,NULL),(261,258,'','设计美学原则',' ',' ',' ',NULL,' ','','',NULL,NULL),(262,259,'','设计思维与创新方法',' ',' ',' ',NULL,' ','','',NULL,NULL),(263,259,'','设计研究范式',' ',' ',' ',NULL,' ','','',NULL,NULL),(264,257,'','工业与产品设计',' ',' ',' ',NULL,' ','','',NULL,NULL),(265,257,'','视觉传达设计',' ',' ',' ',NULL,' ','','',NULL,NULL),(266,264,'','可持续产品设计',' ',' ',' ',NULL,' ','','',NULL,NULL),(267,264,'','智能产品设计',' ',' ',' ',NULL,' ','','',NULL,NULL),(268,265,'','数字媒体设计',' ',' ',' ',NULL,' ','','',NULL,NULL),(269,265,'','品牌与传播设计',' ',' ',' ',NULL,' ','','',NULL,NULL),(272,223,'','近似算法','近似算法1','小明，王磊','近似算法','2025-05-27 00:00:00','一区','近似算法1','/profile/upload/2025/05/27/近似算法1_20250527162927A001.doc',NULL,103),(273,224,'','随机化算法','随机化算法1','小明，牛天','随机化算法','2025-05-27 00:00:00','二区','随机化算法1','/profile/upload/2025/05/27/随机化算法1_20250527165420A003.doc',NULL,103),(274,228,'','参数复杂性','参数复杂性1','小明，王磊','参数复杂性','2025-05-27 00:00:00','三区','参数复杂性1','/profile/upload/2025/05/27/随机化算法1_20250527165620A004.doc',NULL,103),(275,229,'','通信复杂性','通信复杂性1','小明，王磊','通信复杂性','2025-05-27 00:00:00','四区','通信复杂性1','/profile/upload/2025/05/27/通信复杂性1_20250527165842A005.doc',NULL,103),(276,230,'','多核架构','多核架构1','小明，牛天','多核架构','2025-05-27 00:00:00','一区','多核架构1','/profile/upload/2025/05/27/多核架构1_20250527170108A006.doc',NULL,103),(277,231,'','异构计算','异构计算1','小明，牛天','异构运算','2025-05-27 00:00:00','二区','异构计算1','/profile/upload/2025/05/27/异构计算1_20250527170230A007.doc',NULL,103),(278,223,'','近似算法','近似算法2','小红，花花','近似算法','2025-05-27 00:00:00','一区','近似算法2','/profile/upload/2025/05/27/近似算法2_20250527170921A008.doc',NULL,104),(279,224,'','随机化算法','随机化算法2','小红，艾心','随机化算法','2025-05-27 00:00:00','二区','随机化算法2','/profile/upload/2025/05/27/随机化算法2_20250527171054A009.doc',NULL,104),(280,228,'','参数复杂性','参数复杂性2','小红，花花','参数复杂性','2025-05-27 00:00:00','三区','参数复杂性2','/profile/upload/2025/05/27/参数复杂性2_20250527171150A010.doc',NULL,104),(281,232,'','C/S架构','CS架构1','小红，艾心','CS架构','2025-05-27 00:00:00','四区','CS架构1','/profile/upload/2025/05/27/CS架构1_20250527171624A012.doc',NULL,104),(282,233,'','P2P架构','P2P架构1','小红，花花','P2P架构','2025-05-27 00:00:00','四区','P2P架构1','/profile/upload/2025/05/27/P2P架构1_20250527171558A011.doc',NULL,104),(283,236,'','模型检测','模型检测1','小蓝，刘辉','模型检测','2025-05-27 00:00:00','一区','模型检测1','/profile/upload/2025/05/27/模型检测1_20250527172043A013.doc',NULL,105),(284,237,'','符号执行','符号执行1','小蓝，郑义','符号执行','2025-05-27 00:00:00','二区','符号执行1','/profile/upload/2025/05/27/符号执行1_20250527172146A014.doc',NULL,105),(285,238,'','C语言','C语言1','小蓝，刘辉','C语言','2025-05-27 00:00:00','三区','C语言1','/profile/upload/2025/05/27/C语言1_20250527172329A015.doc',NULL,105),(286,239,'','Java','Java1','小蓝，郑义','Java','2025-05-27 00:00:00','四区','Java1','/profile/upload/2025/05/27/Java1_20250527172507A016.doc',NULL,105),(287,245,'','社会历史批评','社会历史批评1','小蓝，刘辉','社会历史批评','2025-05-27 00:00:00','三区','社会历史批评1','/profile/upload/2025/05/27/社会历史批评1_20250527172605A017.doc',NULL,105),(288,246,'','传记与心理研究','传记与心理研究1','小王，张涛','传记与心理研究','2025-05-27 00:00:00','一区','传记与心理研究1','/profile/upload/2025/05/27/传记与心理研究1_20250527172833A018.doc',NULL,106),(289,247,'','语言风格研究','语言风格研究1','小王，李四','语言风格研究','2025-05-27 00:00:00','二区','语言风格研究1','/profile/upload/2025/05/27/语言风格研究1_20250527172936A019.doc',NULL,106),(290,248,'','叙事结构解构','叙事结构解构1','小王，张涛','叙事结构解构','2025-05-27 00:00:00','三区','叙事结构解构1','/profile/upload/2025/05/27/叙事结构解构1_20250527173103A020.doc',NULL,106),(291,251,'','小说研究','小说研究1','小王，李四','小说研究','2025-05-27 00:00:00','四区','小说研究1','/profile/upload/2025/05/27/小说研究1_20250527173143A021.doc',NULL,106),(292,252,'','传记研究','传记研究1','小王，张涛','传记研究','2025-05-27 00:00:00','二区','传记研究1','/profile/upload/2025/05/27/传记研究1_20250527173233A022.doc',NULL,106),(293,253,'','散文诗化研究','散文诗化研究1','小白，张三','散文诗化研究','2025-05-27 00:00:00','一区','散文诗化研究1','/profile/upload/2025/05/27/散文诗化研究1_20250527173422A023.doc',NULL,107),(294,254,'','戏剧化小说','戏剧化小说1','小白，王五','戏剧化小说','2025-05-27 00:00:00','二区','戏剧化小说1','/profile/upload/2025/05/27/戏剧化小说1_20250527173523A024.doc',NULL,107),(295,260,'','设计理论与社会责任','设计理论与社会责任1','小白，张三','设计理论与社会责任','2025-05-27 00:00:00','三区','设计理论与社会责任1','/profile/upload/2025/05/27/设计伦理与社会责任1_20250527173614A025.doc',NULL,107),(296,261,'','设计美学原则','设计美学原则1','小白，王五','设计美学原则','2025-05-27 00:00:00','四区','设计美学原则1','/profile/upload/2025/05/27/设计美学原则1_20250527173713A026.doc',NULL,107),(297,262,'','设计思维与创新方法','设计思维与创新方法1','小白，张三','设计思维与创新方法','2025-05-27 00:00:00','三区','设计思维与创新方法1','/profile/upload/2025/05/27/设计思维与创新方法1_20250527173817A027.doc',NULL,107),(298,263,'','设计研究范式','设计研究范式1','小黑，武芬','设计研究范式','2025-05-27 00:00:00','一区','设计研究范式1','/profile/upload/2025/05/27/设计研究范式1_20250527174024A028.doc',NULL,108),(299,266,'','可持续产品设计','可持续产品设计1','小黑，钱六','可持续产品设计','2025-05-27 00:00:00','二区','可持续产品设计1','/profile/upload/2025/05/27/可持续产品设计1_20250527174108A029.doc',NULL,108),(300,267,'','智能产品设计','智能产品设计1','小黑，武芬','智能产品设计','2025-05-27 00:00:00','三区','智能产品设计1','/profile/upload/2025/05/27/智能产品设计1_20250527174157A030.doc',NULL,108),(301,268,'','数字媒体设计','数字媒体设计1','小黑，钱六','数字媒体设计','2025-05-27 00:00:00','四区','数字媒体设计1','/profile/upload/2025/05/27/数字媒体设计1_20250527174310A031.doc',NULL,108),(302,269,'','品牌与传播设计','品牌与传播设计1','小黑，武芬','品牌与传播设计','2025-05-27 00:00:00','四区','品牌与传播设计1','/profile/upload/2025/05/27/品牌与传播设计1_20250527174417A032.doc',NULL,108);
/*!40000 ALTER TABLE `papers` ENABLE KEYS */;
UNLOCK TABLES;

--
-- Table structure for table `qrtz_blob_triggers`
--

DROP TABLE IF EXISTS `qrtz_blob_triggers`;
/*!40101 SET @saved_cs_client     = @@character_set_client */;
/*!50503 SET character_set_client = utf8mb4 */;
CREATE TABLE `qrtz_blob_triggers` (
  `sched_name` varchar(120) NOT NULL COMMENT '调度名称',
  `trigger_name` varchar(200) NOT NULL COMMENT 'qrtz_triggers表trigger_name的外键',
  `trigger_group` varchar(200) NOT NULL COMMENT 'qrtz_triggers表trigger_group的外键',
  `blob_data` blob COMMENT '存放持久化Trigger对象',
  PRIMARY KEY (`sched_name`,`trigger_name`,`trigger_group`),
  CONSTRAINT `qrtz_blob_triggers_ibfk_1` FOREIGN KEY (`sched_name`, `trigger_name`, `trigger_group`) REFERENCES `qrtz_triggers` (`sched_name`, `trigger_name`, `trigger_group`)
) ENGINE=InnoDB DEFAULT CHARSET=utf8mb4 COLLATE=utf8mb4_0900_ai_ci COMMENT='Blob类型的触发器表';
/*!40101 SET character_set_client = @saved_cs_client */;

--
-- Dumping data for table `qrtz_blob_triggers`
--

LOCK TABLES `qrtz_blob_triggers` WRITE;
/*!40000 ALTER TABLE `qrtz_blob_triggers` DISABLE KEYS */;
/*!40000 ALTER TABLE `qrtz_blob_triggers` ENABLE KEYS */;
UNLOCK TABLES;

--
-- Table structure for table `qrtz_calendars`
--

DROP TABLE IF EXISTS `qrtz_calendars`;
/*!40101 SET @saved_cs_client     = @@character_set_client */;
/*!50503 SET character_set_client = utf8mb4 */;
CREATE TABLE `qrtz_calendars` (
  `sched_name` varchar(120) NOT NULL COMMENT '调度名称',
  `calendar_name` varchar(200) NOT NULL COMMENT '日历名称',
  `calendar` blob NOT NULL COMMENT '存放持久化calendar对象',
  PRIMARY KEY (`sched_name`,`calendar_name`)
) ENGINE=InnoDB DEFAULT CHARSET=utf8mb4 COLLATE=utf8mb4_0900_ai_ci COMMENT='日历信息表';
/*!40101 SET character_set_client = @saved_cs_client */;

--
-- Dumping data for table `qrtz_calendars`
--

LOCK TABLES `qrtz_calendars` WRITE;
/*!40000 ALTER TABLE `qrtz_calendars` DISABLE KEYS */;
/*!40000 ALTER TABLE `qrtz_calendars` ENABLE KEYS */;
UNLOCK TABLES;

--
-- Table structure for table `qrtz_cron_triggers`
--

DROP TABLE IF EXISTS `qrtz_cron_triggers`;
/*!40101 SET @saved_cs_client     = @@character_set_client */;
/*!50503 SET character_set_client = utf8mb4 */;
CREATE TABLE `qrtz_cron_triggers` (
  `sched_name` varchar(120) NOT NULL COMMENT '调度名称',
  `trigger_name` varchar(200) NOT NULL COMMENT 'qrtz_triggers表trigger_name的外键',
  `trigger_group` varchar(200) NOT NULL COMMENT 'qrtz_triggers表trigger_group的外键',
  `cron_expression` varchar(200) NOT NULL COMMENT 'cron表达式',
  `time_zone_id` varchar(80) DEFAULT NULL COMMENT '时区',
  PRIMARY KEY (`sched_name`,`trigger_name`,`trigger_group`),
  CONSTRAINT `qrtz_cron_triggers_ibfk_1` FOREIGN KEY (`sched_name`, `trigger_name`, `trigger_group`) REFERENCES `qrtz_triggers` (`sched_name`, `trigger_name`, `trigger_group`)
) ENGINE=InnoDB DEFAULT CHARSET=utf8mb4 COLLATE=utf8mb4_0900_ai_ci COMMENT='Cron类型的触发器表';
/*!40101 SET character_set_client = @saved_cs_client */;

--
-- Dumping data for table `qrtz_cron_triggers`
--

LOCK TABLES `qrtz_cron_triggers` WRITE;
/*!40000 ALTER TABLE `qrtz_cron_triggers` DISABLE KEYS */;
/*!40000 ALTER TABLE `qrtz_cron_triggers` ENABLE KEYS */;
UNLOCK TABLES;

--
-- Table structure for table `qrtz_fired_triggers`
--

DROP TABLE IF EXISTS `qrtz_fired_triggers`;
/*!40101 SET @saved_cs_client     = @@character_set_client */;
/*!50503 SET character_set_client = utf8mb4 */;
CREATE TABLE `qrtz_fired_triggers` (
  `sched_name` varchar(120) NOT NULL COMMENT '调度名称',
  `entry_id` varchar(95) NOT NULL COMMENT '调度器实例id',
  `trigger_name` varchar(200) NOT NULL COMMENT 'qrtz_triggers表trigger_name的外键',
  `trigger_group` varchar(200) NOT NULL COMMENT 'qrtz_triggers表trigger_group的外键',
  `instance_name` varchar(200) NOT NULL COMMENT '调度器实例名',
  `fired_time` bigint NOT NULL COMMENT '触发的时间',
  `sched_time` bigint NOT NULL COMMENT '定时器制定的时间',
  `priority` int NOT NULL COMMENT '优先级',
  `state` varchar(16) NOT NULL COMMENT '状态',
  `job_name` varchar(200) DEFAULT NULL COMMENT '任务名称',
  `job_group` varchar(200) DEFAULT NULL COMMENT '任务组名',
  `is_nonconcurrent` varchar(1) DEFAULT NULL COMMENT '是否并发',
  `requests_recovery` varchar(1) DEFAULT NULL COMMENT '是否接受恢复执行',
  PRIMARY KEY (`sched_name`,`entry_id`)
) ENGINE=InnoDB DEFAULT CHARSET=utf8mb4 COLLATE=utf8mb4_0900_ai_ci COMMENT='已触发的触发器表';
/*!40101 SET character_set_client = @saved_cs_client */;

--
-- Dumping data for table `qrtz_fired_triggers`
--

LOCK TABLES `qrtz_fired_triggers` WRITE;
/*!40000 ALTER TABLE `qrtz_fired_triggers` DISABLE KEYS */;
/*!40000 ALTER TABLE `qrtz_fired_triggers` ENABLE KEYS */;
UNLOCK TABLES;

--
-- Table structure for table `qrtz_job_details`
--

DROP TABLE IF EXISTS `qrtz_job_details`;
/*!40101 SET @saved_cs_client     = @@character_set_client */;
/*!50503 SET character_set_client = utf8mb4 */;
CREATE TABLE `qrtz_job_details` (
  `sched_name` varchar(120) NOT NULL COMMENT '调度名称',
  `job_name` varchar(200) NOT NULL COMMENT '任务名称',
  `job_group` varchar(200) NOT NULL COMMENT '任务组名',
  `description` varchar(250) DEFAULT NULL COMMENT '相关介绍',
  `job_class_name` varchar(250) NOT NULL COMMENT '执行任务类名称',
  `is_durable` varchar(1) NOT NULL COMMENT '是否持久化',
  `is_nonconcurrent` varchar(1) NOT NULL COMMENT '是否并发',
  `is_update_data` varchar(1) NOT NULL COMMENT '是否更新数据',
  `requests_recovery` varchar(1) NOT NULL COMMENT '是否接受恢复执行',
  `job_data` blob COMMENT '存放持久化job对象',
  PRIMARY KEY (`sched_name`,`job_name`,`job_group`)
) ENGINE=InnoDB DEFAULT CHARSET=utf8mb4 COLLATE=utf8mb4_0900_ai_ci COMMENT='任务详细信息表';
/*!40101 SET character_set_client = @saved_cs_client */;

--
-- Dumping data for table `qrtz_job_details`
--

LOCK TABLES `qrtz_job_details` WRITE;
/*!40000 ALTER TABLE `qrtz_job_details` DISABLE KEYS */;
/*!40000 ALTER TABLE `qrtz_job_details` ENABLE KEYS */;
UNLOCK TABLES;

--
-- Table structure for table `qrtz_locks`
--

DROP TABLE IF EXISTS `qrtz_locks`;
/*!40101 SET @saved_cs_client     = @@character_set_client */;
/*!50503 SET character_set_client = utf8mb4 */;
CREATE TABLE `qrtz_locks` (
  `sched_name` varchar(120) NOT NULL COMMENT '调度名称',
  `lock_name` varchar(40) NOT NULL COMMENT '悲观锁名称',
  PRIMARY KEY (`sched_name`,`lock_name`)
) ENGINE=InnoDB DEFAULT CHARSET=utf8mb4 COLLATE=utf8mb4_0900_ai_ci COMMENT='存储的悲观锁信息表';
/*!40101 SET character_set_client = @saved_cs_client */;

--
-- Dumping data for table `qrtz_locks`
--

LOCK TABLES `qrtz_locks` WRITE;
/*!40000 ALTER TABLE `qrtz_locks` DISABLE KEYS */;
/*!40000 ALTER TABLE `qrtz_locks` ENABLE KEYS */;
UNLOCK TABLES;

--
-- Table structure for table `qrtz_paused_trigger_grps`
--

DROP TABLE IF EXISTS `qrtz_paused_trigger_grps`;
/*!40101 SET @saved_cs_client     = @@character_set_client */;
/*!50503 SET character_set_client = utf8mb4 */;
CREATE TABLE `qrtz_paused_trigger_grps` (
  `sched_name` varchar(120) NOT NULL COMMENT '调度名称',
  `trigger_group` varchar(200) NOT NULL COMMENT 'qrtz_triggers表trigger_group的外键',
  PRIMARY KEY (`sched_name`,`trigger_group`)
) ENGINE=InnoDB DEFAULT CHARSET=utf8mb4 COLLATE=utf8mb4_0900_ai_ci COMMENT='暂停的触发器表';
/*!40101 SET character_set_client = @saved_cs_client */;

--
-- Dumping data for table `qrtz_paused_trigger_grps`
--

LOCK TABLES `qrtz_paused_trigger_grps` WRITE;
/*!40000 ALTER TABLE `qrtz_paused_trigger_grps` DISABLE KEYS */;
/*!40000 ALTER TABLE `qrtz_paused_trigger_grps` ENABLE KEYS */;
UNLOCK TABLES;

--
-- Table structure for table `qrtz_scheduler_state`
--

DROP TABLE IF EXISTS `qrtz_scheduler_state`;
/*!40101 SET @saved_cs_client     = @@character_set_client */;
/*!50503 SET character_set_client = utf8mb4 */;
CREATE TABLE `qrtz_scheduler_state` (
  `sched_name` varchar(120) NOT NULL COMMENT '调度名称',
  `instance_name` varchar(200) NOT NULL COMMENT '实例名称',
  `last_checkin_time` bigint NOT NULL COMMENT '上次检查时间',
  `checkin_interval` bigint NOT NULL COMMENT '检查间隔时间',
  PRIMARY KEY (`sched_name`,`instance_name`)
) ENGINE=InnoDB DEFAULT CHARSET=utf8mb4 COLLATE=utf8mb4_0900_ai_ci COMMENT='调度器状态表';
/*!40101 SET character_set_client = @saved_cs_client */;

--
-- Dumping data for table `qrtz_scheduler_state`
--

LOCK TABLES `qrtz_scheduler_state` WRITE;
/*!40000 ALTER TABLE `qrtz_scheduler_state` DISABLE KEYS */;
/*!40000 ALTER TABLE `qrtz_scheduler_state` ENABLE KEYS */;
UNLOCK TABLES;

--
-- Table structure for table `qrtz_simple_triggers`
--

DROP TABLE IF EXISTS `qrtz_simple_triggers`;
/*!40101 SET @saved_cs_client     = @@character_set_client */;
/*!50503 SET character_set_client = utf8mb4 */;
CREATE TABLE `qrtz_simple_triggers` (
  `sched_name` varchar(120) NOT NULL COMMENT '调度名称',
  `trigger_name` varchar(200) NOT NULL COMMENT 'qrtz_triggers表trigger_name的外键',
  `trigger_group` varchar(200) NOT NULL COMMENT 'qrtz_triggers表trigger_group的外键',
  `repeat_count` bigint NOT NULL COMMENT '重复的次数统计',
  `repeat_interval` bigint NOT NULL COMMENT '重复的间隔时间',
  `times_triggered` bigint NOT NULL COMMENT '已经触发的次数',
  PRIMARY KEY (`sched_name`,`trigger_name`,`trigger_group`),
  CONSTRAINT `qrtz_simple_triggers_ibfk_1` FOREIGN KEY (`sched_name`, `trigger_name`, `trigger_group`) REFERENCES `qrtz_triggers` (`sched_name`, `trigger_name`, `trigger_group`)
) ENGINE=InnoDB DEFAULT CHARSET=utf8mb4 COLLATE=utf8mb4_0900_ai_ci COMMENT='简单触发器的信息表';
/*!40101 SET character_set_client = @saved_cs_client */;

--
-- Dumping data for table `qrtz_simple_triggers`
--

LOCK TABLES `qrtz_simple_triggers` WRITE;
/*!40000 ALTER TABLE `qrtz_simple_triggers` DISABLE KEYS */;
/*!40000 ALTER TABLE `qrtz_simple_triggers` ENABLE KEYS */;
UNLOCK TABLES;

--
-- Table structure for table `qrtz_simprop_triggers`
--

DROP TABLE IF EXISTS `qrtz_simprop_triggers`;
/*!40101 SET @saved_cs_client     = @@character_set_client */;
/*!50503 SET character_set_client = utf8mb4 */;
CREATE TABLE `qrtz_simprop_triggers` (
  `sched_name` varchar(120) NOT NULL COMMENT '调度名称',
  `trigger_name` varchar(200) NOT NULL COMMENT 'qrtz_triggers表trigger_name的外键',
  `trigger_group` varchar(200) NOT NULL COMMENT 'qrtz_triggers表trigger_group的外键',
  `str_prop_1` varchar(512) DEFAULT NULL COMMENT 'String类型的trigger的第一个参数',
  `str_prop_2` varchar(512) DEFAULT NULL COMMENT 'String类型的trigger的第二个参数',
  `str_prop_3` varchar(512) DEFAULT NULL COMMENT 'String类型的trigger的第三个参数',
  `int_prop_1` int DEFAULT NULL COMMENT 'int类型的trigger的第一个参数',
  `int_prop_2` int DEFAULT NULL COMMENT 'int类型的trigger的第二个参数',
  `long_prop_1` bigint DEFAULT NULL COMMENT 'long类型的trigger的第一个参数',
  `long_prop_2` bigint DEFAULT NULL COMMENT 'long类型的trigger的第二个参数',
  `dec_prop_1` decimal(13,4) DEFAULT NULL COMMENT 'decimal类型的trigger的第一个参数',
  `dec_prop_2` decimal(13,4) DEFAULT NULL COMMENT 'decimal类型的trigger的第二个参数',
  `bool_prop_1` varchar(1) DEFAULT NULL COMMENT 'Boolean类型的trigger的第一个参数',
  `bool_prop_2` varchar(1) DEFAULT NULL COMMENT 'Boolean类型的trigger的第二个参数',
  PRIMARY KEY (`sched_name`,`trigger_name`,`trigger_group`),
  CONSTRAINT `qrtz_simprop_triggers_ibfk_1` FOREIGN KEY (`sched_name`, `trigger_name`, `trigger_group`) REFERENCES `qrtz_triggers` (`sched_name`, `trigger_name`, `trigger_group`)
) ENGINE=InnoDB DEFAULT CHARSET=utf8mb4 COLLATE=utf8mb4_0900_ai_ci COMMENT='同步机制的行锁表';
/*!40101 SET character_set_client = @saved_cs_client */;

--
-- Dumping data for table `qrtz_simprop_triggers`
--

LOCK TABLES `qrtz_simprop_triggers` WRITE;
/*!40000 ALTER TABLE `qrtz_simprop_triggers` DISABLE KEYS */;
/*!40000 ALTER TABLE `qrtz_simprop_triggers` ENABLE KEYS */;
UNLOCK TABLES;

--
-- Table structure for table `qrtz_triggers`
--

DROP TABLE IF EXISTS `qrtz_triggers`;
/*!40101 SET @saved_cs_client     = @@character_set_client */;
/*!50503 SET character_set_client = utf8mb4 */;
CREATE TABLE `qrtz_triggers` (
  `sched_name` varchar(120) NOT NULL COMMENT '调度名称',
  `trigger_name` varchar(200) NOT NULL COMMENT '触发器的名字',
  `trigger_group` varchar(200) NOT NULL COMMENT '触发器所属组的名字',
  `job_name` varchar(200) NOT NULL COMMENT 'qrtz_job_details表job_name的外键',
  `job_group` varchar(200) NOT NULL COMMENT 'qrtz_job_details表job_group的外键',
  `description` varchar(250) DEFAULT NULL COMMENT '相关介绍',
  `next_fire_time` bigint DEFAULT NULL COMMENT '上一次触发时间（毫秒）',
  `prev_fire_time` bigint DEFAULT NULL COMMENT '下一次触发时间（默认为-1表示不触发）',
  `priority` int DEFAULT NULL COMMENT '优先级',
  `trigger_state` varchar(16) NOT NULL COMMENT '触发器状态',
  `trigger_type` varchar(8) NOT NULL COMMENT '触发器的类型',
  `start_time` bigint NOT NULL COMMENT '开始时间',
  `end_time` bigint DEFAULT NULL COMMENT '结束时间',
  `calendar_name` varchar(200) DEFAULT NULL COMMENT '日程表名称',
  `misfire_instr` smallint DEFAULT NULL COMMENT '补偿执行的策略',
  `job_data` blob COMMENT '存放持久化job对象',
  PRIMARY KEY (`sched_name`,`trigger_name`,`trigger_group`),
  KEY `sched_name` (`sched_name`,`job_name`,`job_group`),
  CONSTRAINT `qrtz_triggers_ibfk_1` FOREIGN KEY (`sched_name`, `job_name`, `job_group`) REFERENCES `qrtz_job_details` (`sched_name`, `job_name`, `job_group`)
) ENGINE=InnoDB DEFAULT CHARSET=utf8mb4 COLLATE=utf8mb4_0900_ai_ci COMMENT='触发器详细信息表';
/*!40101 SET character_set_client = @saved_cs_client */;

--
-- Dumping data for table `qrtz_triggers`
--

LOCK TABLES `qrtz_triggers` WRITE;
/*!40000 ALTER TABLE `qrtz_triggers` DISABLE KEYS */;
/*!40000 ALTER TABLE `qrtz_triggers` ENABLE KEYS */;
UNLOCK TABLES;

--
-- Table structure for table `sys_config`
--

DROP TABLE IF EXISTS `sys_config`;
/*!40101 SET @saved_cs_client     = @@character_set_client */;
/*!50503 SET character_set_client = utf8mb4 */;
CREATE TABLE `sys_config` (
  `config_id` int NOT NULL AUTO_INCREMENT COMMENT '参数主键',
  `config_name` varchar(100) DEFAULT '' COMMENT '参数名称',
  `config_key` varchar(100) DEFAULT '' COMMENT '参数键名',
  `config_value` varchar(500) DEFAULT '' COMMENT '参数键值',
  `config_type` char(1) DEFAULT 'N' COMMENT '系统内置（Y是 N否）',
  `create_by` varchar(64) DEFAULT '' COMMENT '创建者',
  `create_time` datetime DEFAULT NULL COMMENT '创建时间',
  `update_by` varchar(64) DEFAULT '' COMMENT '更新者',
  `update_time` datetime DEFAULT NULL COMMENT '更新时间',
  `remark` varchar(500) DEFAULT NULL COMMENT '备注',
  PRIMARY KEY (`config_id`)
) ENGINE=InnoDB AUTO_INCREMENT=100 DEFAULT CHARSET=utf8mb4 COLLATE=utf8mb4_0900_ai_ci COMMENT='参数配置表';
/*!40101 SET character_set_client = @saved_cs_client */;

--
-- Dumping data for table `sys_config`
--

LOCK TABLES `sys_config` WRITE;
/*!40000 ALTER TABLE `sys_config` DISABLE KEYS */;
INSERT INTO `sys_config` (`config_id`, `config_name`, `config_key`, `config_value`, `config_type`, `create_by`, `create_time`, `update_by`, `update_time`, `remark`) VALUES (1,'主框架页-默认皮肤样式名称','sys.index.skinName','skin-blue','Y','admin','2025-05-25 17:58:07','',NULL,'蓝色 skin-blue、绿色 skin-green、紫色 skin-purple、红色 skin-red、黄色 skin-yellow'),(2,'用户管理-账号初始密码','sys.user.initPassword','123456','Y','admin','2025-05-25 17:58:07','',NULL,'初始化密码 123456'),(3,'主框架页-侧边栏主题','sys.index.sideTheme','theme-dark','Y','admin','2025-05-25 17:58:07','',NULL,'深色主题theme-dark，浅色主题theme-light'),(4,'账号自助-验证码开关','sys.account.captchaEnabled','true','Y','admin','2025-05-25 17:58:07','',NULL,'是否开启验证码功能（true开启，false关闭）'),(5,'账号自助-是否开启用户注册功能','sys.account.registerUser','true','Y','admin','2025-05-25 17:58:07','admin','2025-05-25 18:03:17','是否开启注册用户功能（true开启，false关闭）'),(6,'用户登录-黑名单列表','sys.login.blackIPList','','Y','admin','2025-05-25 17:58:07','',NULL,'设置登录IP黑名单限制，多个匹配项以;分隔，支持匹配（*通配、网段）'),(7,'用户管理-初始密码修改策略','sys.account.initPasswordModify','1','Y','admin','2025-05-25 17:58:07','',NULL,'0：初始密码修改策略关闭，没有任何提示，1：提醒用户，如果未修改初始密码，则在登录时就会提醒修改密码对话框'),(8,'用户管理-账号密码更新周期','sys.account.passwordValidateDays','0','Y','admin','2025-05-25 17:58:07','',NULL,'密码更新周期（填写数字，数据初始化值为0不限制，若修改必须为大于0小于365的正整数），如果超过这个周期登录系统时，则在登录时就会提醒修改密码对话框');
/*!40000 ALTER TABLE `sys_config` ENABLE KEYS */;
UNLOCK TABLES;

--
-- Table structure for table `sys_dept`
--

DROP TABLE IF EXISTS `sys_dept`;
/*!40101 SET @saved_cs_client     = @@character_set_client */;
/*!50503 SET character_set_client = utf8mb4 */;
CREATE TABLE `sys_dept` (
  `dept_id` bigint NOT NULL AUTO_INCREMENT COMMENT '部门id',
  `parent_id` bigint DEFAULT '0' COMMENT '父部门id',
  `ancestors` varchar(50) DEFAULT '' COMMENT '祖级列表',
  `dept_name` varchar(30) DEFAULT '' COMMENT '部门名称',
  `order_num` int DEFAULT '0' COMMENT '显示顺序',
  `leader` varchar(20) DEFAULT NULL COMMENT '负责人',
  `phone` varchar(11) DEFAULT NULL COMMENT '联系电话',
  `email` varchar(50) DEFAULT NULL COMMENT '邮箱',
  `status` char(1) DEFAULT '0' COMMENT '部门状态（0正常 1停用）',
  `del_flag` char(1) DEFAULT '0' COMMENT '删除标志（0代表存在 2代表删除）',
  `create_by` varchar(64) DEFAULT '' COMMENT '创建者',
  `create_time` datetime DEFAULT NULL COMMENT '创建时间',
  `update_by` varchar(64) DEFAULT '' COMMENT '更新者',
  `update_time` datetime DEFAULT NULL COMMENT '更新时间',
  PRIMARY KEY (`dept_id`)
) ENGINE=InnoDB AUTO_INCREMENT=200 DEFAULT CHARSET=utf8mb4 COLLATE=utf8mb4_0900_ai_ci COMMENT='部门表';
/*!40101 SET character_set_client = @saved_cs_client */;

--
-- Dumping data for table `sys_dept`
--

LOCK TABLES `sys_dept` WRITE;
/*!40000 ALTER TABLE `sys_dept` DISABLE KEYS */;
INSERT INTO `sys_dept` (`dept_id`, `parent_id`, `ancestors`, `dept_name`, `order_num`, `leader`, `phone`, `email`, `status`, `del_flag`, `create_by`, `create_time`, `update_by`, `update_time`) VALUES (100,0,'0','若依科技',0,'若依','15888888888','ry@qq.com','0','0','admin','2025-05-25 17:58:06','',NULL),(101,100,'0,100','深圳总公司',1,'若依','15888888888','ry@qq.com','0','0','admin','2025-05-25 17:58:06','',NULL),(102,100,'0,100','长沙分公司',2,'若依','15888888888','ry@qq.com','0','0','admin','2025-05-25 17:58:06','',NULL),(103,101,'0,100,101','研发部门',1,'若依','15888888888','ry@qq.com','0','0','admin','2025-05-25 17:58:06','',NULL),(104,101,'0,100,101','市场部门',2,'若依','15888888888','ry@qq.com','0','0','admin','2025-05-25 17:58:06','',NULL),(105,101,'0,100,101','测试部门',3,'若依','15888888888','ry@qq.com','0','0','admin','2025-05-25 17:58:06','',NULL),(106,101,'0,100,101','财务部门',4,'若依','15888888888','ry@qq.com','0','0','admin','2025-05-25 17:58:06','',NULL),(107,101,'0,100,101','运维部门',5,'若依','15888888888','ry@qq.com','0','0','admin','2025-05-25 17:58:06','',NULL),(108,102,'0,100,102','市场部门',1,'若依','15888888888','ry@qq.com','0','0','admin','2025-05-25 17:58:06','',NULL),(109,102,'0,100,102','财务部门',2,'若依','15888888888','ry@qq.com','0','0','admin','2025-05-25 17:58:06','',NULL);
/*!40000 ALTER TABLE `sys_dept` ENABLE KEYS */;
UNLOCK TABLES;

--
-- Table structure for table `sys_dict_data`
--

DROP TABLE IF EXISTS `sys_dict_data`;
/*!40101 SET @saved_cs_client     = @@character_set_client */;
/*!50503 SET character_set_client = utf8mb4 */;
CREATE TABLE `sys_dict_data` (
  `dict_code` bigint NOT NULL AUTO_INCREMENT COMMENT '字典编码',
  `dict_sort` int DEFAULT '0' COMMENT '字典排序',
  `dict_label` varchar(100) DEFAULT '' COMMENT '字典标签',
  `dict_value` varchar(100) DEFAULT '' COMMENT '字典键值',
  `dict_type` varchar(100) DEFAULT '' COMMENT '字典类型',
  `css_class` varchar(100) DEFAULT NULL COMMENT '样式属性（其他样式扩展）',
  `list_class` varchar(100) DEFAULT NULL COMMENT '表格回显样式',
  `is_default` char(1) DEFAULT 'N' COMMENT '是否默认（Y是 N否）',
  `status` char(1) DEFAULT '0' COMMENT '状态（0正常 1停用）',
  `create_by` varchar(64) DEFAULT '' COMMENT '创建者',
  `create_time` datetime DEFAULT NULL COMMENT '创建时间',
  `update_by` varchar(64) DEFAULT '' COMMENT '更新者',
  `update_time` datetime DEFAULT NULL COMMENT '更新时间',
  `remark` varchar(500) DEFAULT NULL COMMENT '备注',
  PRIMARY KEY (`dict_code`)
) ENGINE=InnoDB AUTO_INCREMENT=100 DEFAULT CHARSET=utf8mb4 COLLATE=utf8mb4_0900_ai_ci COMMENT='字典数据表';
/*!40101 SET character_set_client = @saved_cs_client */;

--
-- Dumping data for table `sys_dict_data`
--

LOCK TABLES `sys_dict_data` WRITE;
/*!40000 ALTER TABLE `sys_dict_data` DISABLE KEYS */;
INSERT INTO `sys_dict_data` (`dict_code`, `dict_sort`, `dict_label`, `dict_value`, `dict_type`, `css_class`, `list_class`, `is_default`, `status`, `create_by`, `create_time`, `update_by`, `update_time`, `remark`) VALUES (1,1,'男','0','sys_user_sex','','','Y','0','admin','2025-05-25 17:58:07','',NULL,'性别男'),(2,2,'女','1','sys_user_sex','','','N','0','admin','2025-05-25 17:58:07','',NULL,'性别女'),(3,3,'未知','2','sys_user_sex','','','N','0','admin','2025-05-25 17:58:07','',NULL,'性别未知'),(4,1,'显示','0','sys_show_hide','','primary','Y','0','admin','2025-05-25 17:58:07','',NULL,'显示菜单'),(5,2,'隐藏','1','sys_show_hide','','danger','N','0','admin','2025-05-25 17:58:07','',NULL,'隐藏菜单'),(6,1,'正常','0','sys_normal_disable','','primary','Y','0','admin','2025-05-25 17:58:07','',NULL,'正常状态'),(7,2,'停用','1','sys_normal_disable','','danger','N','0','admin','2025-05-25 17:58:07','',NULL,'停用状态'),(8,1,'正常','0','sys_job_status','','primary','Y','0','admin','2025-05-25 17:58:07','',NULL,'正常状态'),(9,2,'暂停','1','sys_job_status','','danger','N','0','admin','2025-05-25 17:58:07','',NULL,'停用状态'),(10,1,'默认','DEFAULT','sys_job_group','','','Y','0','admin','2025-05-25 17:58:07','',NULL,'默认分组'),(11,2,'系统','SYSTEM','sys_job_group','','','N','0','admin','2025-05-25 17:58:07','',NULL,'系统分组'),(12,1,'是','Y','sys_yes_no','','primary','Y','0','admin','2025-05-25 17:58:07','',NULL,'系统默认是'),(13,2,'否','N','sys_yes_no','','danger','N','0','admin','2025-05-25 17:58:07','',NULL,'系统默认否'),(14,1,'通知','1','sys_notice_type','','warning','Y','0','admin','2025-05-25 17:58:07','',NULL,'通知'),(15,2,'公告','2','sys_notice_type','','success','N','0','admin','2025-05-25 17:58:07','',NULL,'公告'),(16,1,'正常','0','sys_notice_status','','primary','Y','0','admin','2025-05-25 17:58:07','',NULL,'正常状态'),(17,2,'关闭','1','sys_notice_status','','danger','N','0','admin','2025-05-25 17:58:07','',NULL,'关闭状态'),(18,99,'其他','0','sys_oper_type','','info','N','0','admin','2025-05-25 17:58:07','',NULL,'其他操作'),(19,1,'新增','1','sys_oper_type','','info','N','0','admin','2025-05-25 17:58:07','',NULL,'新增操作'),(20,2,'修改','2','sys_oper_type','','info','N','0','admin','2025-05-25 17:58:07','',NULL,'修改操作'),(21,3,'删除','3','sys_oper_type','','danger','N','0','admin','2025-05-25 17:58:07','',NULL,'删除操作'),(22,4,'授权','4','sys_oper_type','','primary','N','0','admin','2025-05-25 17:58:07','',NULL,'授权操作'),(23,5,'导出','5','sys_oper_type','','warning','N','0','admin','2025-05-25 17:58:07','',NULL,'导出操作'),(24,6,'导入','6','sys_oper_type','','warning','N','0','admin','2025-05-25 17:58:07','',NULL,'导入操作'),(25,7,'强退','7','sys_oper_type','','danger','N','0','admin','2025-05-25 17:58:07','',NULL,'强退操作'),(26,8,'生成代码','8','sys_oper_type','','warning','N','0','admin','2025-05-25 17:58:07','',NULL,'生成操作'),(27,9,'清空数据','9','sys_oper_type','','danger','N','0','admin','2025-05-25 17:58:07','',NULL,'清空操作'),(28,1,'成功','0','sys_common_status','','primary','N','0','admin','2025-05-25 17:58:07','',NULL,'正常状态'),(29,2,'失败','1','sys_common_status','','danger','N','0','admin','2025-05-25 17:58:07','',NULL,'停用状态');
/*!40000 ALTER TABLE `sys_dict_data` ENABLE KEYS */;
UNLOCK TABLES;

--
-- Table structure for table `sys_dict_type`
--

DROP TABLE IF EXISTS `sys_dict_type`;
/*!40101 SET @saved_cs_client     = @@character_set_client */;
/*!50503 SET character_set_client = utf8mb4 */;
CREATE TABLE `sys_dict_type` (
  `dict_id` bigint NOT NULL AUTO_INCREMENT COMMENT '字典主键',
  `dict_name` varchar(100) DEFAULT '' COMMENT '字典名称',
  `dict_type` varchar(100) DEFAULT '' COMMENT '字典类型',
  `status` char(1) DEFAULT '0' COMMENT '状态（0正常 1停用）',
  `create_by` varchar(64) DEFAULT '' COMMENT '创建者',
  `create_time` datetime DEFAULT NULL COMMENT '创建时间',
  `update_by` varchar(64) DEFAULT '' COMMENT '更新者',
  `update_time` datetime DEFAULT NULL COMMENT '更新时间',
  `remark` varchar(500) DEFAULT NULL COMMENT '备注',
  PRIMARY KEY (`dict_id`),
  UNIQUE KEY `dict_type` (`dict_type`)
) ENGINE=InnoDB AUTO_INCREMENT=100 DEFAULT CHARSET=utf8mb4 COLLATE=utf8mb4_0900_ai_ci COMMENT='字典类型表';
/*!40101 SET character_set_client = @saved_cs_client */;

--
-- Dumping data for table `sys_dict_type`
--

LOCK TABLES `sys_dict_type` WRITE;
/*!40000 ALTER TABLE `sys_dict_type` DISABLE KEYS */;
INSERT INTO `sys_dict_type` (`dict_id`, `dict_name`, `dict_type`, `status`, `create_by`, `create_time`, `update_by`, `update_time`, `remark`) VALUES (1,'用户性别','sys_user_sex','0','admin','2025-05-25 17:58:07','',NULL,'用户性别列表'),(2,'菜单状态','sys_show_hide','0','admin','2025-05-25 17:58:07','',NULL,'菜单状态列表'),(3,'系统开关','sys_normal_disable','0','admin','2025-05-25 17:58:07','',NULL,'系统开关列表'),(4,'任务状态','sys_job_status','0','admin','2025-05-25 17:58:07','',NULL,'任务状态列表'),(5,'任务分组','sys_job_group','0','admin','2025-05-25 17:58:07','',NULL,'任务分组列表'),(6,'系统是否','sys_yes_no','0','admin','2025-05-25 17:58:07','',NULL,'系统是否列表'),(7,'通知类型','sys_notice_type','0','admin','2025-05-25 17:58:07','',NULL,'通知类型列表'),(8,'通知状态','sys_notice_status','0','admin','2025-05-25 17:58:07','',NULL,'通知状态列表'),(9,'操作类型','sys_oper_type','0','admin','2025-05-25 17:58:07','',NULL,'操作类型列表'),(10,'系统状态','sys_common_status','0','admin','2025-05-25 17:58:07','',NULL,'登录状态列表');
/*!40000 ALTER TABLE `sys_dict_type` ENABLE KEYS */;
UNLOCK TABLES;

--
-- Table structure for table `sys_job`
--

DROP TABLE IF EXISTS `sys_job`;
/*!40101 SET @saved_cs_client     = @@character_set_client */;
/*!50503 SET character_set_client = utf8mb4 */;
CREATE TABLE `sys_job` (
  `job_id` bigint NOT NULL AUTO_INCREMENT COMMENT '任务ID',
  `job_name` varchar(64) NOT NULL DEFAULT '' COMMENT '任务名称',
  `job_group` varchar(64) NOT NULL DEFAULT 'DEFAULT' COMMENT '任务组名',
  `invoke_target` varchar(500) NOT NULL COMMENT '调用目标字符串',
  `cron_expression` varchar(255) DEFAULT '' COMMENT 'cron执行表达式',
  `misfire_policy` varchar(20) DEFAULT '3' COMMENT '计划执行错误策略（1立即执行 2执行一次 3放弃执行）',
  `concurrent` char(1) DEFAULT '1' COMMENT '是否并发执行（0允许 1禁止）',
  `status` char(1) DEFAULT '0' COMMENT '状态（0正常 1暂停）',
  `create_by` varchar(64) DEFAULT '' COMMENT '创建者',
  `create_time` datetime DEFAULT NULL COMMENT '创建时间',
  `update_by` varchar(64) DEFAULT '' COMMENT '更新者',
  `update_time` datetime DEFAULT NULL COMMENT '更新时间',
  `remark` varchar(500) DEFAULT '' COMMENT '备注信息',
  PRIMARY KEY (`job_id`,`job_name`,`job_group`)
) ENGINE=InnoDB AUTO_INCREMENT=100 DEFAULT CHARSET=utf8mb4 COLLATE=utf8mb4_0900_ai_ci COMMENT='定时任务调度表';
/*!40101 SET character_set_client = @saved_cs_client */;

--
-- Dumping data for table `sys_job`
--

LOCK TABLES `sys_job` WRITE;
/*!40000 ALTER TABLE `sys_job` DISABLE KEYS */;
INSERT INTO `sys_job` (`job_id`, `job_name`, `job_group`, `invoke_target`, `cron_expression`, `misfire_policy`, `concurrent`, `status`, `create_by`, `create_time`, `update_by`, `update_time`, `remark`) VALUES (1,'系统默认（无参）','DEFAULT','ryTask.ryNoParams','0/10 * * * * ?','3','1','1','admin','2025-05-25 17:58:07','',NULL,''),(2,'系统默认（有参）','DEFAULT','ryTask.ryParams(\'ry\')','0/15 * * * * ?','3','1','1','admin','2025-05-25 17:58:07','',NULL,''),(3,'系统默认（多参）','DEFAULT','ryTask.ryMultipleParams(\'ry\', true, 2000L, 316.50D, 100)','0/20 * * * * ?','3','1','1','admin','2025-05-25 17:58:07','',NULL,'');
/*!40000 ALTER TABLE `sys_job` ENABLE KEYS */;
UNLOCK TABLES;

--
-- Table structure for table `sys_job_log`
--

DROP TABLE IF EXISTS `sys_job_log`;
/*!40101 SET @saved_cs_client     = @@character_set_client */;
/*!50503 SET character_set_client = utf8mb4 */;
CREATE TABLE `sys_job_log` (
  `job_log_id` bigint NOT NULL AUTO_INCREMENT COMMENT '任务日志ID',
  `job_name` varchar(64) NOT NULL COMMENT '任务名称',
  `job_group` varchar(64) NOT NULL COMMENT '任务组名',
  `invoke_target` varchar(500) NOT NULL COMMENT '调用目标字符串',
  `job_message` varchar(500) DEFAULT NULL COMMENT '日志信息',
  `status` char(1) DEFAULT '0' COMMENT '执行状态（0正常 1失败）',
  `exception_info` varchar(2000) DEFAULT '' COMMENT '异常信息',
  `create_time` datetime DEFAULT NULL COMMENT '创建时间',
  PRIMARY KEY (`job_log_id`)
) ENGINE=InnoDB DEFAULT CHARSET=utf8mb4 COLLATE=utf8mb4_0900_ai_ci COMMENT='定时任务调度日志表';
/*!40101 SET character_set_client = @saved_cs_client */;

--
-- Dumping data for table `sys_job_log`
--

LOCK TABLES `sys_job_log` WRITE;
/*!40000 ALTER TABLE `sys_job_log` DISABLE KEYS */;
/*!40000 ALTER TABLE `sys_job_log` ENABLE KEYS */;
UNLOCK TABLES;

--
-- Table structure for table `sys_logininfor`
--

DROP TABLE IF EXISTS `sys_logininfor`;
/*!40101 SET @saved_cs_client     = @@character_set_client */;
/*!50503 SET character_set_client = utf8mb4 */;
CREATE TABLE `sys_logininfor` (
  `info_id` bigint NOT NULL AUTO_INCREMENT COMMENT '访问ID',
  `user_name` varchar(50) DEFAULT '' COMMENT '用户账号',
  `ipaddr` varchar(128) DEFAULT '' COMMENT '登录IP地址',
  `login_location` varchar(255) DEFAULT '' COMMENT '登录地点',
  `browser` varchar(50) DEFAULT '' COMMENT '浏览器类型',
  `os` varchar(50) DEFAULT '' COMMENT '操作系统',
  `status` char(1) DEFAULT '0' COMMENT '登录状态（0成功 1失败）',
  `msg` varchar(255) DEFAULT '' COMMENT '提示消息',
  `login_time` datetime DEFAULT NULL COMMENT '访问时间',
  PRIMARY KEY (`info_id`),
  KEY `idx_sys_logininfor_s` (`status`),
  KEY `idx_sys_logininfor_lt` (`login_time`)
) ENGINE=InnoDB AUTO_INCREMENT=350 DEFAULT CHARSET=utf8mb4 COLLATE=utf8mb4_0900_ai_ci COMMENT='系统访问记录';
/*!40101 SET character_set_client = @saved_cs_client */;

--
-- Dumping data for table `sys_logininfor`
--

LOCK TABLES `sys_logininfor` WRITE;
/*!40000 ALTER TABLE `sys_logininfor` DISABLE KEYS */;
INSERT INTO `sys_logininfor` (`info_id`, `user_name`, `ipaddr`, `login_location`, `browser`, `os`, `status`, `msg`, `login_time`) VALUES (100,'admin','127.0.0.1','内网IP','Chrome 13','Windows 10','0','登录成功','2025-05-25 18:01:55'),(101,'admin','127.0.0.1','内网IP','Chrome 13','Windows 10','0','登录成功','2025-05-25 20:28:27'),(102,'admin','127.0.0.1','内网IP','Chrome 13','Windows 10','0','退出成功','2025-05-25 20:28:50'),(103,'admin','127.0.0.1','内网IP','Chrome 13','Windows 10','0','登录成功','2025-05-25 20:28:56'),(104,'admin','127.0.0.1','内网IP','Chrome 13','Windows 10','0','退出成功','2025-05-25 20:29:16'),(105,'admin','127.0.0.1','内网IP','Chrome 13','Windows 10','0','登录成功','2025-05-25 20:29:20'),(106,'admin','127.0.0.1','内网IP','Chrome 13','Windows 10','0','退出成功','2025-05-25 20:29:24'),(107,'123','127.0.0.1','内网IP','Chrome 13','Windows 10','0','注册成功','2025-05-25 20:29:42'),(108,'123','127.0.0.1','内网IP','Chrome 13','Windows 10','0','登录成功','2025-05-25 20:29:50'),(109,'123','127.0.0.1','内网IP','Chrome 13','Windows 10','0','退出成功','2025-05-25 20:29:58'),(110,'admin','127.0.0.1','内网IP','Chrome 13','Windows 10','0','登录成功','2025-05-25 20:30:06'),(111,'admin','127.0.0.1','内网IP','Chrome 13','Windows 10','0','退出成功','2025-05-25 20:30:30'),(112,'admin','127.0.0.1','内网IP','Chrome 13','Windows 10','0','登录成功','2025-05-25 20:30:36'),(113,'admin','127.0.0.1','内网IP','Chrome 13','Windows 10','0','退出成功','2025-05-25 20:33:05'),(114,'admin','127.0.0.1','内网IP','Chrome 13','Windows 10','1','验证码错误','2025-05-25 20:33:09'),(115,'admin','127.0.0.1','内网IP','Chrome 13','Windows 10','0','登录成功','2025-05-25 20:33:16'),(116,'admin','127.0.0.1','内网IP','Chrome 13','Windows 10','0','退出成功','2025-05-25 20:33:52'),(117,'123','127.0.0.1','内网IP','Chrome 13','Windows 10','0','登录成功','2025-05-25 20:33:57'),(118,'123','127.0.0.1','内网IP','Chrome 13','Windows 10','0','退出成功','2025-05-25 20:34:12'),(119,'admin123','127.0.0.1','内网IP','Chrome 13','Windows 10','1','用户不存在/密码错误','2025-05-25 20:34:20'),(120,'admin','127.0.0.1','内网IP','Chrome 13','Windows 10','0','登录成功','2025-05-25 20:34:31'),(121,'admin','127.0.0.1','内网IP','Chrome 13','Windows 10','0','退出成功','2025-05-25 20:35:30'),(122,'admin','127.0.0.1','内网IP','Chrome 13','Windows 10','0','登录成功','2025-05-25 20:35:33'),(123,'admin','127.0.0.1','内网IP','Chrome 13','Windows 10','0','退出成功','2025-05-25 20:36:56'),(124,'admin','127.0.0.1','内网IP','Chrome 13','Windows 10','0','登录成功','2025-05-25 20:37:00'),(125,'admin','127.0.0.1','内网IP','Chrome 13','Windows 10','0','退出成功','2025-05-25 20:37:07'),(126,'123','127.0.0.1','内网IP','Chrome 13','Windows 10','1','验证码错误','2025-05-25 20:37:11'),(127,'123','127.0.0.1','内网IP','Chrome 13','Windows 10','1','验证码错误','2025-05-25 20:37:16'),(128,'123','127.0.0.1','内网IP','Chrome 13','Windows 10','0','登录成功','2025-05-25 20:37:19'),(129,'123','127.0.0.1','内网IP','Chrome 13','Windows 10','0','退出成功','2025-05-25 20:38:47'),(130,'admin','127.0.0.1','内网IP','Chrome 13','Windows 10','0','登录成功','2025-05-25 20:38:53'),(131,'admin','127.0.0.1','内网IP','Chrome 13','Windows 10','0','退出成功','2025-05-25 20:43:13'),(132,'123','127.0.0.1','内网IP','Chrome 13','Windows 10','0','登录成功','2025-05-25 20:43:18'),(133,'123','127.0.0.1','内网IP','Chrome 13','Windows 10','0','退出成功','2025-05-25 21:08:02'),(134,'admin','127.0.0.1','内网IP','Chrome 13','Windows 10','0','登录成功','2025-05-25 21:08:09'),(135,'admin','127.0.0.1','内网IP','Chrome 13','Windows 10','0','退出成功','2025-05-25 21:25:06'),(136,'123','127.0.0.1','内网IP','Chrome 13','Windows 10','0','登录成功','2025-05-25 21:25:11'),(137,'123','127.0.0.1','内网IP','Chrome 13','Windows 10','0','退出成功','2025-05-25 21:25:49'),(138,'admin','127.0.0.1','内网IP','Chrome 13','Windows 10','0','登录成功','2025-05-25 21:25:55'),(139,'admin','127.0.0.1','内网IP','Chrome 13','Windows 10','0','退出成功','2025-05-25 21:55:30'),(140,'123','127.0.0.1','内网IP','Chrome 13','Windows 10','0','登录成功','2025-05-25 21:55:35'),(141,'admin','127.0.0.1','内网IP','Chrome 13','Windows 10','0','登录成功','2025-05-26 14:24:38'),(142,'admin','127.0.0.1','内网IP','Chrome 13','Windows 10','0','退出成功','2025-05-26 14:49:20'),(143,'123','127.0.0.1','内网IP','Chrome 13','Windows 10','0','登录成功','2025-05-26 14:49:26'),(144,'123','127.0.0.1','内网IP','Chrome 13','Windows 10','0','退出成功','2025-05-26 14:49:35'),(145,'admin','127.0.0.1','内网IP','Chrome 13','Windows 10','0','登录成功','2025-05-26 14:49:42'),(146,'admin','127.0.0.1','内网IP','Chrome 13','Windows 10','0','退出成功','2025-05-26 14:50:10'),(147,'123','127.0.0.1','内网IP','Chrome 13','Windows 10','0','登录成功','2025-05-26 14:50:15'),(148,'123','127.0.0.1','内网IP','Chrome 13','Windows 10','0','退出成功','2025-05-26 14:50:36'),(149,'123','127.0.0.1','内网IP','Chrome 13','Windows 10','0','登录成功','2025-05-26 14:50:39'),(150,'123','127.0.0.1','内网IP','Chrome 13','Windows 10','0','退出成功','2025-05-26 14:50:51'),(151,'1234','127.0.0.1','内网IP','Chrome 13','Windows 10','0','登录成功','2025-05-26 14:50:54'),(152,'1234','127.0.0.1','内网IP','Chrome 13','Windows 10','0','退出成功','2025-05-26 15:02:05'),(153,'admin','127.0.0.1','内网IP','Chrome 13','Windows 10','0','登录成功','2025-05-26 15:02:16'),(154,'admin','127.0.0.1','内网IP','Chrome 13','Windows 10','0','登录成功','2025-05-26 16:44:56'),(155,'admin','127.0.0.1','内网IP','Chrome 13','Windows 10','0','退出成功','2025-05-26 17:42:59'),(156,'123','127.0.0.1','内网IP','Chrome 13','Windows 10','0','登录成功','2025-05-26 17:43:06'),(157,'123','127.0.0.1','内网IP','Chrome 13','Windows 10','0','退出成功','2025-05-26 17:43:29'),(158,'admin','127.0.0.1','内网IP','Chrome 13','Windows 10','0','登录成功','2025-05-26 17:43:37'),(159,'admin','127.0.0.1','内网IP','Chrome 13','Windows 10','0','登录成功','2025-05-26 19:16:48'),(160,'admin','127.0.0.1','内网IP','Chrome 13','Windows 10','0','退出成功','2025-05-26 19:18:39'),(161,'123','127.0.0.1','内网IP','Chrome 13','Windows 10','0','登录成功','2025-05-26 19:18:45'),(162,'123','127.0.0.1','内网IP','Chrome 13','Windows 10','0','退出成功','2025-05-26 19:25:31'),(163,'123','127.0.0.1','内网IP','Chrome 13','Windows 10','0','登录成功','2025-05-26 19:25:33'),(164,'admin','127.0.0.1','内网IP','Chrome 13','Windows 10','1','验证码已失效','2025-05-26 19:25:41'),(165,'admin','127.0.0.1','内网IP','Chrome 13','Windows 10','1','验证码错误','2025-05-26 19:25:42'),(166,'admin','127.0.0.1','内网IP','Chrome 13','Windows 10','0','登录成功','2025-05-26 19:25:45'),(167,'admin','127.0.0.1','内网IP','Chrome 13','Windows 10','0','退出成功','2025-05-26 19:55:02'),(168,'admintest','127.0.0.1','内网IP','Chrome 13','Windows 10','0','登录成功','2025-05-26 19:55:08'),(169,'admintest','127.0.0.1','内网IP','Chrome 13','Windows 10','0','退出成功','2025-05-26 19:56:35'),(170,'xiaoming','127.0.0.1','内网IP','Chrome 13','Windows 10','0','登录成功','2025-05-26 19:56:45'),(171,'xiaoming','127.0.0.1','内网IP','Chrome 13','Windows 10','0','退出成功','2025-05-26 19:57:13'),(172,'admin','127.0.0.1','内网IP','Chrome 13','Windows 10','1','用户不存在/密码错误','2025-05-26 19:57:22'),(173,'admin','127.0.0.1','内网IP','Chrome 13','Windows 10','0','登录成功','2025-05-26 19:57:31'),(174,'admin','127.0.0.1','内网IP','Chrome 13','Windows 10','0','退出成功','2025-05-26 20:00:55'),(175,'xiaoming','127.0.0.1','内网IP','Chrome 13','Windows 10','0','登录成功','2025-05-26 20:01:06'),(176,'xiaoming','127.0.0.1','内网IP','Chrome 13','Windows 10','0','退出成功','2025-05-26 20:03:20'),(177,'admin','127.0.0.1','内网IP','Chrome 13','Windows 10','0','登录成功','2025-05-26 20:03:31'),(178,'admin','127.0.0.1','内网IP','Chrome 13','Windows 10','0','退出成功','2025-05-26 20:04:19'),(179,'xiaoming','127.0.0.1','内网IP','Chrome 13','Windows 10','0','登录成功','2025-05-26 20:04:30'),(180,'xiaoming','127.0.0.1','内网IP','Chrome 13','Windows 10','0','退出成功','2025-05-26 20:07:39'),(181,'admin','127.0.0.1','内网IP','Chrome 13','Windows 10','0','登录成功','2025-05-26 20:07:54'),(182,'admin','127.0.0.1','内网IP','Chrome 13','Windows 10','0','退出成功','2025-05-26 20:11:38'),(183,'xiaoming','127.0.0.1','内网IP','Chrome 13','Windows 10','0','登录成功','2025-05-26 20:11:47'),(184,'xiaoming','127.0.0.1','内网IP','Chrome 13','Windows 10','0','退出成功','2025-05-26 20:13:11'),(185,'admin','127.0.0.1','内网IP','Chrome 13','Windows 10','0','登录成功','2025-05-26 20:13:20'),(186,'admin','127.0.0.1','内网IP','Chrome 13','Windows 10','0','退出成功','2025-05-26 20:19:01'),(187,'admintest','127.0.0.1','内网IP','Chrome 13','Windows 10','0','登录成功','2025-05-26 20:19:09'),(188,'admintest','127.0.0.1','内网IP','Chrome 13','Windows 10','0','退出成功','2025-05-26 20:19:25'),(189,'xiaoming','127.0.0.1','内网IP','Chrome 13','Windows 10','0','登录成功','2025-05-26 20:19:35'),(190,'xiaoming','127.0.0.1','内网IP','Chrome 13','Windows 10','0','退出成功','2025-05-26 20:19:54'),(191,'admin','127.0.0.1','内网IP','Chrome 13','Windows 10','0','登录成功','2025-05-26 20:20:03'),(192,'admin','127.0.0.1','内网IP','Chrome 13','Windows 10','0','登录成功','2025-05-26 20:38:50'),(193,'admin','127.0.0.1','内网IP','Chrome 13','Windows 10','0','退出成功','2025-05-26 20:40:59'),(194,'admintest','127.0.0.1','内网IP','Chrome 13','Windows 10','0','登录成功','2025-05-26 20:41:04'),(195,'admintest','127.0.0.1','内网IP','Chrome 13','Windows 10','0','退出成功','2025-05-26 20:41:14'),(196,'admin','127.0.0.1','内网IP','Chrome 13','Windows 10','0','登录成功','2025-05-26 20:41:19'),(197,'admin','127.0.0.1','内网IP','Chrome 13','Windows 10','0','退出成功','2025-05-26 20:42:47'),(198,'admin','127.0.0.1','内网IP','Chrome 13','Windows 10','1','验证码已失效','2025-05-26 20:47:39'),(199,'admin','127.0.0.1','内网IP','Chrome 13','Windows 10','0','登录成功','2025-05-26 20:47:42'),(200,'admin','127.0.0.1','内网IP','Chrome 13','Windows 10','0','退出成功','2025-05-26 20:48:12'),(201,'admintest','127.0.0.1','内网IP','Chrome 13','Windows 10','0','登录成功','2025-05-26 20:48:19'),(202,'admintest','127.0.0.1','内网IP','Chrome 13','Windows 10','0','退出成功','2025-05-26 20:56:07'),(203,'admintest','127.0.0.1','内网IP','Chrome 13','Windows 10','0','登录成功','2025-05-26 20:57:50'),(204,'admintest','127.0.0.1','内网IP','Chrome 13','Windows 10','0','退出成功','2025-05-26 20:58:03'),(205,'admin','127.0.0.1','内网IP','Chrome 13','Windows 10','0','登录成功','2025-05-26 20:58:09'),(206,'admin','127.0.0.1','内网IP','Chrome 13','Windows 10','0','退出成功','2025-05-26 21:11:41'),(207,'admintest','127.0.0.1','内网IP','Chrome 13','Windows 10','0','登录成功','2025-05-26 21:11:48'),(208,'admintest','127.0.0.1','内网IP','Chrome 13','Windows 10','0','退出成功','2025-05-26 21:35:07'),(209,'admin','127.0.0.1','内网IP','Chrome 13','Windows 10','0','登录成功','2025-05-26 21:35:14'),(210,'admin','127.0.0.1','内网IP','Chrome 13','Windows 10','0','退出成功','2025-05-26 21:39:58'),(211,'admintest','127.0.0.1','内网IP','Chrome 13','Windows 10','0','登录成功','2025-05-26 21:40:05'),(212,'admintest','127.0.0.1','内网IP','Chrome 13','Windows 10','0','退出成功','2025-05-26 22:12:11'),(213,'admin','127.0.0.1','内网IP','Chrome 13','Windows 10','0','登录成功','2025-05-26 22:12:18'),(214,'admin','127.0.0.1','内网IP','Chrome 13','Windows 10','0','退出成功','2025-05-26 22:15:54'),(215,'admintest','127.0.0.1','内网IP','Chrome 13','Windows 10','0','登录成功','2025-05-26 22:16:30'),(216,'admintest','127.0.0.1','内网IP','Chrome 13','Windows 10','0','登录成功','2025-05-26 22:17:03'),(217,'admintest','127.0.0.1','内网IP','Chrome 13','Windows 10','0','退出成功','2025-05-26 22:19:10'),(218,'xiaoming','127.0.0.1','内网IP','Chrome 13','Windows 10','0','登录成功','2025-05-26 22:19:27'),(219,'xiaohong','127.0.0.1','内网IP','Chrome 13','Windows 10','0','登录成功','2025-05-27 14:42:27'),(220,'xiaohong','127.0.0.1','内网IP','Chrome 13','Windows 10','0','退出成功','2025-05-27 14:42:42'),(221,'xiaoming','127.0.0.1','内网IP','Chrome 13','Windows 10','0','登录成功','2025-05-27 14:42:54'),(222,'xiaoming','127.0.0.1','内网IP','Chrome 13','Windows 10','0','退出成功','2025-05-27 14:43:00'),(223,'admintest','127.0.0.1','内网IP','Chrome 13','Windows 10','0','登录成功','2025-05-27 14:43:16'),(224,'admintest','127.0.0.1','内网IP','Chrome 13','Windows 10','0','退出成功','2025-05-27 14:43:29'),(225,'admin','127.0.0.1','内网IP','Chrome 13','Windows 10','0','登录成功','2025-05-27 14:43:34'),(226,'admin','127.0.0.1','内网IP','Chrome 13','Windows 10','0','退出成功','2025-05-27 14:43:48'),(227,'admintest','127.0.0.1','内网IP','Chrome 13','Windows 10','0','登录成功','2025-05-27 14:43:56'),(228,'admintest','127.0.0.1','内网IP','Chrome 13','Windows 10','0','退出成功','2025-05-27 16:09:54'),(229,'xiaoming','127.0.0.1','内网IP','Chrome 13','Windows 10','0','登录成功','2025-05-27 16:10:07'),(230,'xiaoming','127.0.0.1','内网IP','Chrome 13','Windows 10','0','退出成功','2025-05-27 16:25:51'),(231,'admintest','127.0.0.1','内网IP','Chrome 13','Windows 10','0','登录成功','2025-05-27 16:26:02'),(232,'admintest','127.0.0.1','内网IP','Chrome 13','Windows 10','0','退出成功','2025-05-27 16:26:14'),(233,'xiaoming','127.0.0.1','内网IP','Chrome 13','Windows 10','0','登录成功','2025-05-27 16:26:24'),(234,'xiaoming','127.0.0.1','内网IP','Chrome 13','Windows 10','0','退出成功','2025-05-27 16:45:41'),(235,'admintest','127.0.0.1','内网IP','Chrome 13','Windows 10','0','登录成功','2025-05-27 16:45:56'),(236,'admintest','127.0.0.1','内网IP','Chrome 13','Windows 10','0','退出成功','2025-05-27 16:48:20'),(237,'xiaoming','127.0.0.1','内网IP','Chrome 13','Windows 10','0','登录成功','2025-05-27 16:48:39'),(238,'xiaoming','127.0.0.1','内网IP','Chrome 13','Windows 10','0','退出成功','2025-05-27 17:07:46'),(239,'xiaohong','127.0.0.1','内网IP','Chrome 13','Windows 10','0','登录成功','2025-05-27 17:08:00'),(240,'xiaohong','127.0.0.1','内网IP','Chrome 13','Windows 10','0','退出成功','2025-05-27 17:17:42'),(241,'xiaoming','127.0.0.1','内网IP','Chrome 13','Windows 10','1','用户不存在/密码错误','2025-05-27 17:17:49'),(242,'xiaoming','127.0.0.1','内网IP','Chrome 13','Windows 10','1','用户不存在/密码错误','2025-05-27 17:17:51'),(243,'xiaoming','127.0.0.1','内网IP','Chrome 13','Windows 10','0','登录成功','2025-05-27 17:17:59'),(244,'xiaoming','127.0.0.1','内网IP','Chrome 13','Windows 10','0','退出成功','2025-05-27 17:18:47'),(245,'xiaolan','127.0.0.1','内网IP','Chrome 13','Windows 10','0','登录成功','2025-05-27 17:19:01'),(246,'xiaolan','127.0.0.1','内网IP','Chrome 13','Windows 10','0','退出成功','2025-05-27 17:27:00'),(247,'xiaowang','127.0.0.1','内网IP','Chrome 13','Windows 10','0','登录成功','2025-05-27 17:27:13'),(248,'xiaowang','127.0.0.1','内网IP','Chrome 13','Windows 10','0','退出成功','2025-05-27 17:33:08'),(249,'xiaobai','127.0.0.1','内网IP','Chrome 13','Windows 10','0','登录成功','2025-05-27 17:33:27'),(250,'xiaobai','127.0.0.1','内网IP','Chrome 13','Windows 10','0','退出成功','2025-05-27 17:38:43'),(251,'xiaohei','127.0.0.1','内网IP','Chrome 13','Windows 10','0','登录成功','2025-05-27 17:39:01'),(252,'xiaohei','127.0.0.1','内网IP','Chrome 13','Windows 10','0','退出成功','2025-05-27 18:04:19'),(253,'admintest','127.0.0.1','内网IP','Chrome 13','Windows 10','0','登录成功','2025-05-27 18:04:34'),(254,'admintest','127.0.0.1','内网IP','Chrome 13','Windows 10','0','退出成功','2025-05-27 18:08:55'),(255,'admintest','127.0.0.1','内网IP','Chrome 13','Windows 10','0','登录成功','2025-05-27 21:11:35'),(256,'admintest','127.0.0.1','内网IP','Chrome 13','Windows 10','0','登录成功','2025-05-27 22:07:43'),(257,'admintest','127.0.0.1','内网IP','Chrome 13','Windows 10','0','退出成功','2025-05-27 22:11:12'),(258,'admintest','127.0.0.1','内网IP','Chrome 13','Windows 10','0','登录成功','2025-05-27 22:11:14'),(259,'admintest','127.0.0.1','内网IP','Chrome 13','Windows 10','0','退出成功','2025-05-27 22:11:19'),(260,'xiaoming','127.0.0.1','内网IP','Chrome 13','Windows 10','0','登录成功','2025-05-27 22:11:29'),(261,'xiaoming','127.0.0.1','内网IP','Chrome 13','Windows 10','0','退出成功','2025-05-27 22:46:01'),(262,'xiaoming','127.0.0.1','内网IP','Chrome 13','Windows 10','0','登录成功','2025-05-27 22:46:03'),(263,'xiaoming','127.0.0.1','内网IP','Chrome 13','Windows 10','0','退出成功','2025-05-27 22:46:10'),(264,'xiaohong','127.0.0.1','内网IP','Chrome 13','Windows 10','1','用户不存在/密码错误','2025-05-27 22:46:17'),(265,'xiaohong','127.0.0.1','内网IP','Chrome 13','Windows 10','1','用户不存在/密码错误','2025-05-27 22:46:20'),(266,'xiaohong','127.0.0.1','内网IP','Chrome 13','Windows 10','1','验证码错误','2025-05-27 22:46:28'),(267,'xiaohong','127.0.0.1','内网IP','Chrome 13','Windows 10','0','登录成功','2025-05-27 22:46:30'),(268,'xiaohong','127.0.0.1','内网IP','Chrome 13','Windows 10','0','退出成功','2025-05-27 22:49:14'),(269,'xiaoming','127.0.0.1','内网IP','Chrome 13','Windows 10','1','用户不存在/密码错误','2025-05-27 22:49:23'),(270,'xiaoming','127.0.0.1','内网IP','Chrome 13','Windows 10','1','用户不存在/密码错误','2025-05-27 22:49:25'),(271,'xiaoming','127.0.0.1','内网IP','Chrome 13','Windows 10','0','登录成功','2025-05-27 22:49:31'),(272,'xiaoming','127.0.0.1','内网IP','Chrome 13','Windows 10','0','退出成功','2025-05-27 23:01:08'),(273,'xiaohong','127.0.0.1','内网IP','Chrome 13','Windows 10','0','登录成功','2025-05-27 23:01:19'),(274,'xiaohong','127.0.0.1','内网IP','Chrome 13','Windows 10','0','退出成功','2025-05-27 23:17:21'),(275,'xiaoming','127.0.0.1','内网IP','Chrome 13','Windows 10','0','登录成功','2025-05-27 23:17:31'),(276,'xiaoming','127.0.0.1','内网IP','Chrome 13','Windows 10','0','退出成功','2025-05-27 23:19:12'),(277,'xiaohong','127.0.0.1','内网IP','Chrome 13','Windows 10','0','登录成功','2025-05-27 23:19:23'),(278,'xiaohong','127.0.0.1','内网IP','Chrome 13','Windows 10','0','退出成功','2025-05-27 23:29:54'),(279,'xiaolan','127.0.0.1','内网IP','Chrome 13','Windows 10','0','登录成功','2025-05-27 23:30:10'),(280,'xiaolan','127.0.0.1','内网IP','Chrome 13','Windows 10','0','退出成功','2025-05-27 23:30:23'),(281,'xiaowang','127.0.0.1','内网IP','Chrome 13','Windows 10','0','登录成功','2025-05-27 23:30:33'),(282,'xiaowang','127.0.0.1','内网IP','Chrome 13','Windows 10','0','退出成功','2025-05-27 23:36:13'),(283,'xiaobai','127.0.0.1','内网IP','Chrome 13','Windows 10','0','登录成功','2025-05-27 23:36:28'),(284,'xiaobai','127.0.0.1','内网IP','Chrome 13','Windows 10','0','退出成功','2025-05-27 23:40:26'),(285,'xiaohei','127.0.0.1','内网IP','Chrome 13','Windows 10','0','登录成功','2025-05-27 23:40:38'),(286,'xiaohei','127.0.0.1','内网IP','Chrome 13','Windows 10','0','退出成功','2025-05-27 23:40:47'),(287,'xiaoming','127.0.0.1','内网IP','Chrome 13','Windows 10','0','登录成功','2025-05-27 23:41:01'),(288,'xiaoming','127.0.0.1','内网IP','Chrome 13','Windows 10','0','退出成功','2025-05-27 23:51:43'),(289,'xiaohong','127.0.0.1','内网IP','Chrome 13','Windows 10','0','登录成功','2025-05-27 23:51:58'),(290,'xiaohong','127.0.0.1','内网IP','Chrome 13','Windows 10','0','退出成功','2025-05-27 23:56:30'),(291,'admin','127.0.0.1','内网IP','Chrome 13','Windows 10','0','登录成功','2025-05-27 23:56:42'),(292,'admin','127.0.0.1','内网IP','Chrome 13','Windows 10','0','登录成功','2025-05-28 00:39:09'),(293,'xiaoming','127.0.0.1','内网IP','Chrome 13','Windows 10','0','登录成功','2025-05-28 01:14:36'),(294,'xiaoming','127.0.0.1','内网IP','Chrome 13','Windows 10','0','退出成功','2025-05-28 01:44:47'),(295,'admintest','127.0.0.1','内网IP','Chrome 13','Windows 10','0','登录成功','2025-05-28 01:45:04'),(296,'admintest','127.0.0.1','内网IP','Chrome 13','Windows 10','0','退出成功','2025-05-28 02:03:47'),(297,'xiaoming','127.0.0.1','内网IP','Chrome 13','Windows 10','0','登录成功','2025-05-28 02:03:59'),(298,'xiaoming','127.0.0.1','内网IP','Chrome 13','Windows 10','0','登录成功','2025-05-28 03:55:53'),(299,'xiaoming','127.0.0.1','内网IP','Chrome 13','Windows 10','0','退出成功','2025-05-28 04:21:39'),(300,'admintest','127.0.0.1','内网IP','Chrome 13','Windows 10','0','登录成功','2025-05-28 04:21:52'),(301,'xiaoming','127.0.0.1','内网IP','Chrome 13','Windows 10','0','登录成功','2025-05-28 04:57:29'),(302,'xiaoming','127.0.0.1','内网IP','Chrome 13','Windows 10','0','登录成功','2025-06-04 20:46:16'),(303,'xiaoming','127.0.0.1','内网IP','Chrome 13','Windows 10','0','退出成功','2025-06-04 20:49:26'),(304,'admin','127.0.0.1','内网IP','Chrome 13','Windows 10','0','登录成功','2025-06-04 20:49:38'),(305,'admin','127.0.0.1','内网IP','Chrome 13','Windows 10','0','退出成功','2025-06-04 21:46:50'),(306,'admintest','127.0.0.1','内网IP','Chrome 13','Windows 10','0','登录成功','2025-06-04 21:46:57'),(307,'admintest','127.0.0.1','内网IP','Chrome 13','Windows 10','0','退出成功','2025-06-04 21:47:02'),(308,'xiaoming','127.0.0.1','内网IP','Chrome 13','Windows 10','0','登录成功','2025-06-04 21:47:15'),(309,'xiaoming','127.0.0.1','内网IP','Chrome 13','Windows 10','0','退出成功','2025-06-04 21:53:49'),(310,'admintest','127.0.0.1','内网IP','Chrome 13','Windows 10','0','登录成功','2025-06-04 21:54:01'),(311,'admintest','127.0.0.1','内网IP','Chrome 13','Windows 10','0','退出成功','2025-06-04 21:55:01'),(312,'xiaohong','127.0.0.1','内网IP','Chrome 13','Windows 10','0','登录成功','2025-06-04 21:55:13'),(313,'xiaohong','127.0.0.1','内网IP','Chrome 13','Windows 10','0','退出成功','2025-06-04 21:55:53'),(314,'xiaolan','127.0.0.1','内网IP','Chrome 13','Windows 10','0','登录成功','2025-06-04 21:56:37'),(315,'xiaolan','127.0.0.1','内网IP','Chrome 13','Windows 10','0','退出成功','2025-06-04 21:57:23'),(316,'xiaowang','127.0.0.1','内网IP','Chrome 13','Windows 10','0','登录成功','2025-06-04 21:57:31'),(317,'xiaowang','127.0.0.1','内网IP','Chrome 13','Windows 10','0','退出成功','2025-06-04 21:58:01'),(318,'xiaobai','127.0.0.1','内网IP','Chrome 13','Windows 10','0','登录成功','2025-06-04 21:58:18'),(319,'xiaobai','127.0.0.1','内网IP','Chrome 13','Windows 10','0','退出成功','2025-06-04 21:59:07'),(320,'xiaohei','127.0.0.1','内网IP','Chrome 13','Windows 10','0','登录成功','2025-06-04 21:59:15'),(321,'xiaohei','127.0.0.1','内网IP','Chrome 13','Windows 10','0','退出成功','2025-06-04 21:59:57'),(322,'xiaoming','127.0.0.1','内网IP','Chrome 13','Windows 10','0','登录成功','2025-06-04 22:00:09'),(323,'xiaoming','127.0.0.1','内网IP','Chrome 13','Windows 10','0','退出成功','2025-06-04 22:04:53'),(324,'12345','127.0.0.1','内网IP','Chrome 13','Windows 10','0','注册成功','2025-06-04 22:05:09'),(325,'12345','127.0.0.1','内网IP','Chrome 13','Windows 10','0','登录成功','2025-06-04 22:05:16'),(326,'12345','127.0.0.1','内网IP','Chrome 13','Windows 10','0','退出成功','2025-06-04 22:05:25'),(327,'admintest','127.0.0.1','内网IP','Chrome 13','Windows 10','0','登录成功','2025-06-04 22:05:38'),(328,'admintest','127.0.0.1','内网IP','Chrome 13','Windows 10','0','退出成功','2025-06-04 22:05:58'),(329,'12345','127.0.0.1','内网IP','Chrome 13','Windows 10','1','用户不存在/密码错误','2025-06-04 22:06:06'),(330,'xiaoming','127.0.0.1','内网IP','Chrome 13','Windows 10','0','登录成功','2025-06-05 14:12:43'),(331,'xiaoming','127.0.0.1','内网IP','Chrome 13','Windows 10','0','退出成功','2025-06-05 14:20:37'),(332,'xiaohong','127.0.0.1','内网IP','Chrome 13','Windows 10','0','登录成功','2025-06-05 14:20:49'),(333,'xiaohong','127.0.0.1','内网IP','Chrome 13','Windows 10','0','退出成功','2025-06-05 14:21:20'),(334,'admintest','127.0.0.1','内网IP','Chrome 13','Windows 10','0','登录成功','2025-06-05 14:21:32'),(335,'admintest','127.0.0.1','内网IP','Chrome 13','Windows 10','0','退出成功','2025-06-05 14:22:36'),(336,'xiaoming','127.0.0.1','内网IP','Chrome 13','Windows 10','0','登录成功','2025-06-05 14:22:47'),(337,'xiaoming','127.0.0.1','内网IP','Chrome 13','Windows 10','0','退出成功','2025-06-05 14:25:07'),(338,'admin','127.0.0.1','内网IP','Chrome 13','Windows 10','0','登录成功','2025-06-05 14:25:16'),(339,'admin','127.0.0.1','内网IP','Chrome 13','Windows 10','0','退出成功','2025-06-05 14:25:46'),(340,'admin','127.0.0.1','内网IP','Chrome 13','Windows 10','1','验证码已失效','2025-06-05 14:30:31'),(341,'admin','127.0.0.1','内网IP','Chrome 13','Windows 10','1','用户不存在/密码错误','2025-06-05 14:30:35'),(342,'admintest','127.0.0.1','内网IP','Chrome 13','Windows 10','0','登录成功','2025-06-05 14:30:41'),(343,'admintest','127.0.0.1','内网IP','Chrome 13','Windows 10','0','退出成功','2025-06-05 14:31:14'),(344,'12345','127.0.0.1','内网IP','Chrome 13','Windows 10','0','登录成功','2025-06-05 14:31:24'),(345,'12345','127.0.0.1','内网IP','Chrome 13','Windows 10','0','退出成功','2025-06-05 14:31:38'),(346,'admintest','127.0.0.1','内网IP','Chrome 13','Windows 10','0','登录成功','2025-06-05 14:31:51'),(347,'admintest','127.0.0.1','内网IP','Chrome 13','Windows 10','0','退出成功','2025-06-05 14:32:05'),(348,'12345','127.0.0.1','内网IP','Chrome 13','Windows 10','1','用户不存在/密码错误','2025-06-05 14:32:13'),(349,'xiaoming','127.0.0.1','内网IP','Chrome 13','Windows 10','0','登录成功','2025-06-05 14:32:27');
/*!40000 ALTER TABLE `sys_logininfor` ENABLE KEYS */;
UNLOCK TABLES;

--
-- Table structure for table `sys_menu`
--

DROP TABLE IF EXISTS `sys_menu`;
/*!40101 SET @saved_cs_client     = @@character_set_client */;
/*!50503 SET character_set_client = utf8mb4 */;
CREATE TABLE `sys_menu` (
  `menu_id` bigint NOT NULL AUTO_INCREMENT COMMENT '菜单ID',
  `menu_name` varchar(50) NOT NULL COMMENT '菜单名称',
  `parent_id` bigint DEFAULT '0' COMMENT '父菜单ID',
  `order_num` int DEFAULT '0' COMMENT '显示顺序',
  `path` varchar(200) DEFAULT '' COMMENT '路由地址',
  `component` varchar(255) DEFAULT NULL COMMENT '组件路径',
  `query` varchar(255) DEFAULT NULL COMMENT '路由参数',
  `route_name` varchar(50) DEFAULT '' COMMENT '路由名称',
  `is_frame` int DEFAULT '1' COMMENT '是否为外链（0是 1否）',
  `is_cache` int DEFAULT '0' COMMENT '是否缓存（0缓存 1不缓存）',
  `menu_type` char(1) DEFAULT '' COMMENT '菜单类型（M目录 C菜单 F按钮）',
  `visible` char(1) DEFAULT '0' COMMENT '菜单状态（0显示 1隐藏）',
  `status` char(1) DEFAULT '0' COMMENT '菜单状态（0正常 1停用）',
  `perms` varchar(100) DEFAULT NULL COMMENT '权限标识',
  `icon` varchar(100) DEFAULT '#' COMMENT '菜单图标',
  `create_by` varchar(64) DEFAULT '' COMMENT '创建者',
  `create_time` datetime DEFAULT NULL COMMENT '创建时间',
  `update_by` varchar(64) DEFAULT '' COMMENT '更新者',
  `update_time` datetime DEFAULT NULL COMMENT '更新时间',
  `remark` varchar(500) DEFAULT '' COMMENT '备注',
  PRIMARY KEY (`menu_id`)
) ENGINE=InnoDB AUTO_INCREMENT=2030 DEFAULT CHARSET=utf8mb4 COLLATE=utf8mb4_0900_ai_ci COMMENT='菜单权限表';
/*!40101 SET character_set_client = @saved_cs_client */;

--
-- Dumping data for table `sys_menu`
--

LOCK TABLES `sys_menu` WRITE;
/*!40000 ALTER TABLE `sys_menu` DISABLE KEYS */;
INSERT INTO `sys_menu` (`menu_id`, `menu_name`, `parent_id`, `order_num`, `path`, `component`, `query`, `route_name`, `is_frame`, `is_cache`, `menu_type`, `visible`, `status`, `perms`, `icon`, `create_by`, `create_time`, `update_by`, `update_time`, `remark`) VALUES (1,'系统管理',0,1,'system',NULL,'','',1,0,'M','0','0','','system','admin','2025-05-25 17:58:06','',NULL,'系统管理目录'),(2,'系统监控',0,2,'monitor',NULL,'','',1,0,'M','0','0','','monitor','admin','2025-05-25 17:58:06','',NULL,'系统监控目录'),(3,'系统工具',0,3,'tool',NULL,'','',1,0,'M','0','0','','tool','admin','2025-05-25 17:58:06','',NULL,'系统工具目录'),(4,'若依官网',0,4,'http://ruoyi.vip',NULL,'','',0,0,'M','0','0','','guide','admin','2025-05-25 17:58:06','',NULL,'若依官网地址'),(100,'用户管理',1,1,'user','system/user/index','','',1,0,'C','0','0','system:user:list','user','admin','2025-05-25 17:58:06','admin','2025-05-26 19:48:06','用户管理菜单'),(101,'角色管理',1,2,'role','system/role/index','','',1,0,'C','0','0','system:role:list','peoples','admin','2025-05-25 17:58:06','',NULL,'角色管理菜单'),(102,'菜单管理',1,3,'menu','system/menu/index','','',1,0,'C','0','0','system:menu:list','tree-table','admin','2025-05-25 17:58:06','',NULL,'菜单管理菜单'),(103,'部门管理',1,4,'dept','system/dept/index','','',1,0,'C','0','0','system:dept:list','tree','admin','2025-05-25 17:58:06','',NULL,'部门管理菜单'),(104,'岗位管理',1,5,'post','system/post/index','','',1,0,'C','0','0','system:post:list','post','admin','2025-05-25 17:58:06','',NULL,'岗位管理菜单'),(105,'字典管理',1,6,'dict','system/dict/index','','',1,0,'C','0','0','system:dict:list','dict','admin','2025-05-25 17:58:06','',NULL,'字典管理菜单'),(106,'参数设置',1,7,'config','system/config/index','','',1,0,'C','0','0','system:config:list','edit','admin','2025-05-25 17:58:06','',NULL,'参数设置菜单'),(107,'通知公告',1,8,'notice','system/notice/index','','',1,0,'C','0','0','system:notice:list','message','admin','2025-05-25 17:58:06','',NULL,'通知公告菜单'),(108,'日志管理',1,9,'log','','','',1,0,'M','0','0','','log','admin','2025-05-25 17:58:06','',NULL,'日志管理菜单'),(109,'在线用户',2,1,'online','monitor/online/index','','',1,0,'C','0','0','monitor:online:list','online','admin','2025-05-25 17:58:06','',NULL,'在线用户菜单'),(110,'定时任务',2,2,'job','monitor/job/index','','',1,0,'C','0','0','monitor:job:list','job','admin','2025-05-25 17:58:06','',NULL,'定时任务菜单'),(111,'数据监控',2,3,'druid','monitor/druid/index','','',1,0,'C','0','0','monitor:druid:list','druid','admin','2025-05-25 17:58:06','',NULL,'数据监控菜单'),(112,'服务监控',2,4,'server','monitor/server/index','','',1,0,'C','0','0','monitor:server:list','server','admin','2025-05-25 17:58:06','',NULL,'服务监控菜单'),(113,'缓存监控',2,5,'cache','monitor/cache/index','','',1,0,'C','0','0','monitor:cache:list','redis','admin','2025-05-25 17:58:06','',NULL,'缓存监控菜单'),(114,'缓存列表',2,6,'cacheList','monitor/cache/list','','',1,0,'C','0','0','monitor:cache:list','redis-list','admin','2025-05-25 17:58:06','',NULL,'缓存列表菜单'),(115,'表单构建',3,1,'build','tool/build/index','','',1,0,'C','0','0','tool:build:list','build','admin','2025-05-25 17:58:06','',NULL,'表单构建菜单'),(116,'代码生成',3,2,'gen','tool/gen/index','','',1,0,'C','0','0','tool:gen:list','code','admin','2025-05-25 17:58:06','',NULL,'代码生成菜单'),(117,'系统接口',3,3,'swagger','tool/swagger/index','','',1,0,'C','0','0','tool:swagger:list','swagger','admin','2025-05-25 17:58:06','',NULL,'系统接口菜单'),(500,'操作日志',108,1,'operlog','monitor/operlog/index','','',1,0,'C','0','0','monitor:operlog:list','form','admin','2025-05-25 17:58:06','',NULL,'操作日志菜单'),(501,'登录日志',108,2,'logininfor','monitor/logininfor/index','','',1,0,'C','0','0','monitor:logininfor:list','logininfor','admin','2025-05-25 17:58:06','',NULL,'登录日志菜单'),(1000,'用户查询',100,1,'','','','',1,0,'F','0','0','system:user:query','#','admin','2025-05-25 17:58:06','',NULL,''),(1001,'用户新增',100,2,'','','','',1,0,'F','0','0','system:user:add','#','admin','2025-05-25 17:58:06','',NULL,''),(1002,'用户修改',100,3,'','','','',1,0,'F','0','0','system:user:edit','#','admin','2025-05-25 17:58:06','',NULL,''),(1003,'用户删除',100,4,'','','','',1,0,'F','0','0','system:user:remove','#','admin','2025-05-25 17:58:06','',NULL,''),(1004,'用户导出',100,5,'','','','',1,0,'F','0','0','system:user:export','#','admin','2025-05-25 17:58:06','',NULL,''),(1005,'用户导入',100,6,'','','','',1,0,'F','0','0','system:user:import','#','admin','2025-05-25 17:58:06','',NULL,''),(1006,'重置密码',100,7,'','','','',1,0,'F','0','0','system:user:resetPwd','#','admin','2025-05-25 17:58:07','',NULL,''),(1007,'角色查询',101,1,'','','','',1,0,'F','0','0','system:role:query','#','admin','2025-05-25 17:58:07','',NULL,''),(1008,'角色新增',101,2,'','','','',1,0,'F','0','0','system:role:add','#','admin','2025-05-25 17:58:07','',NULL,''),(1009,'角色修改',101,3,'','','','',1,0,'F','0','0','system:role:edit','#','admin','2025-05-25 17:58:07','',NULL,''),(1010,'角色删除',101,4,'','','','',1,0,'F','0','0','system:role:remove','#','admin','2025-05-25 17:58:07','',NULL,''),(1011,'角色导出',101,5,'','','','',1,0,'F','0','0','system:role:export','#','admin','2025-05-25 17:58:07','',NULL,''),(1012,'菜单查询',102,1,'','','','',1,0,'F','0','0','system:menu:query','#','admin','2025-05-25 17:58:07','',NULL,''),(1013,'菜单新增',102,2,'','','','',1,0,'F','0','0','system:menu:add','#','admin','2025-05-25 17:58:07','',NULL,''),(1014,'菜单修改',102,3,'','','','',1,0,'F','0','0','system:menu:edit','#','admin','2025-05-25 17:58:07','',NULL,''),(1015,'菜单删除',102,4,'','','','',1,0,'F','0','0','system:menu:remove','#','admin','2025-05-25 17:58:07','',NULL,''),(1016,'部门查询',103,1,'','','','',1,0,'F','0','0','system:dept:query','#','admin','2025-05-25 17:58:07','',NULL,''),(1017,'部门新增',103,2,'','','','',1,0,'F','0','0','system:dept:add','#','admin','2025-05-25 17:58:07','',NULL,''),(1018,'部门修改',103,3,'','','','',1,0,'F','0','0','system:dept:edit','#','admin','2025-05-25 17:58:07','',NULL,''),(1019,'部门删除',103,4,'','','','',1,0,'F','0','0','system:dept:remove','#','admin','2025-05-25 17:58:07','',NULL,''),(1020,'岗位查询',104,1,'','','','',1,0,'F','0','0','system:post:query','#','admin','2025-05-25 17:58:07','',NULL,''),(1021,'岗位新增',104,2,'','','','',1,0,'F','0','0','system:post:add','#','admin','2025-05-25 17:58:07','',NULL,''),(1022,'岗位修改',104,3,'','','','',1,0,'F','0','0','system:post:edit','#','admin','2025-05-25 17:58:07','',NULL,''),(1023,'岗位删除',104,4,'','','','',1,0,'F','0','0','system:post:remove','#','admin','2025-05-25 17:58:07','',NULL,''),(1024,'岗位导出',104,5,'','','','',1,0,'F','0','0','system:post:export','#','admin','2025-05-25 17:58:07','',NULL,''),(1025,'字典查询',105,1,'#','','','',1,0,'F','0','0','system:dict:query','#','admin','2025-05-25 17:58:07','',NULL,''),(1026,'字典新增',105,2,'#','','','',1,0,'F','0','0','system:dict:add','#','admin','2025-05-25 17:58:07','',NULL,''),(1027,'字典修改',105,3,'#','','','',1,0,'F','0','0','system:dict:edit','#','admin','2025-05-25 17:58:07','',NULL,''),(1028,'字典删除',105,4,'#','','','',1,0,'F','0','0','system:dict:remove','#','admin','2025-05-25 17:58:07','',NULL,''),(1029,'字典导出',105,5,'#','','','',1,0,'F','0','0','system:dict:export','#','admin','2025-05-25 17:58:07','',NULL,''),(1030,'参数查询',106,1,'#','','','',1,0,'F','0','0','system:config:query','#','admin','2025-05-25 17:58:07','',NULL,''),(1031,'参数新增',106,2,'#','','','',1,0,'F','0','0','system:config:add','#','admin','2025-05-25 17:58:07','',NULL,''),(1032,'参数修改',106,3,'#','','','',1,0,'F','0','0','system:config:edit','#','admin','2025-05-25 17:58:07','',NULL,''),(1033,'参数删除',106,4,'#','','','',1,0,'F','0','0','system:config:remove','#','admin','2025-05-25 17:58:07','',NULL,''),(1034,'参数导出',106,5,'#','','','',1,0,'F','0','0','system:config:export','#','admin','2025-05-25 17:58:07','',NULL,''),(1035,'公告查询',107,1,'#','','','',1,0,'F','0','0','system:notice:query','#','admin','2025-05-25 17:58:07','',NULL,''),(1036,'公告新增',107,2,'#','','','',1,0,'F','0','0','system:notice:add','#','admin','2025-05-25 17:58:07','',NULL,''),(1037,'公告修改',107,3,'#','','','',1,0,'F','0','0','system:notice:edit','#','admin','2025-05-25 17:58:07','',NULL,''),(1038,'公告删除',107,4,'#','','','',1,0,'F','0','0','system:notice:remove','#','admin','2025-05-25 17:58:07','',NULL,''),(1039,'操作查询',500,1,'#','','','',1,0,'F','0','0','monitor:operlog:query','#','admin','2025-05-25 17:58:07','',NULL,''),(1040,'操作删除',500,2,'#','','','',1,0,'F','0','0','monitor:operlog:remove','#','admin','2025-05-25 17:58:07','',NULL,''),(1041,'日志导出',500,3,'#','','','',1,0,'F','0','0','monitor:operlog:export','#','admin','2025-05-25 17:58:07','',NULL,''),(1042,'登录查询',501,1,'#','','','',1,0,'F','0','0','monitor:logininfor:query','#','admin','2025-05-25 17:58:07','',NULL,''),(1043,'登录删除',501,2,'#','','','',1,0,'F','0','0','monitor:logininfor:remove','#','admin','2025-05-25 17:58:07','',NULL,''),(1044,'日志导出',501,3,'#','','','',1,0,'F','0','0','monitor:logininfor:export','#','admin','2025-05-25 17:58:07','',NULL,''),(1045,'账户解锁',501,4,'#','','','',1,0,'F','0','0','monitor:logininfor:unlock','#','admin','2025-05-25 17:58:07','',NULL,''),(1046,'在线查询',109,1,'#','','','',1,0,'F','0','0','monitor:online:query','#','admin','2025-05-25 17:58:07','',NULL,''),(1047,'批量强退',109,2,'#','','','',1,0,'F','0','0','monitor:online:batchLogout','#','admin','2025-05-25 17:58:07','',NULL,''),(1048,'单条强退',109,3,'#','','','',1,0,'F','0','0','monitor:online:forceLogout','#','admin','2025-05-25 17:58:07','',NULL,''),(1049,'任务查询',110,1,'#','','','',1,0,'F','0','0','monitor:job:query','#','admin','2025-05-25 17:58:07','',NULL,''),(1050,'任务新增',110,2,'#','','','',1,0,'F','0','0','monitor:job:add','#','admin','2025-05-25 17:58:07','',NULL,''),(1051,'任务修改',110,3,'#','','','',1,0,'F','0','0','monitor:job:edit','#','admin','2025-05-25 17:58:07','',NULL,''),(1052,'任务删除',110,4,'#','','','',1,0,'F','0','0','monitor:job:remove','#','admin','2025-05-25 17:58:07','',NULL,''),(1053,'状态修改',110,5,'#','','','',1,0,'F','0','0','monitor:job:changeStatus','#','admin','2025-05-25 17:58:07','',NULL,''),(1054,'任务导出',110,6,'#','','','',1,0,'F','0','0','monitor:job:export','#','admin','2025-05-25 17:58:07','',NULL,''),(1055,'生成查询',116,1,'#','','','',1,0,'F','0','0','tool:gen:query','#','admin','2025-05-25 17:58:07','',NULL,''),(1056,'生成修改',116,2,'#','','','',1,0,'F','0','0','tool:gen:edit','#','admin','2025-05-25 17:58:07','',NULL,''),(1057,'生成删除',116,3,'#','','','',1,0,'F','0','0','tool:gen:remove','#','admin','2025-05-25 17:58:07','',NULL,''),(1058,'导入代码',116,4,'#','','','',1,0,'F','0','0','tool:gen:import','#','admin','2025-05-25 17:58:07','',NULL,''),(1059,'预览代码',116,5,'#','','','',1,0,'F','0','0','tool:gen:preview','#','admin','2025-05-25 17:58:07','',NULL,''),(1060,'生成代码',116,6,'#','','','',1,0,'F','0','0','tool:gen:code','#','admin','2025-05-25 17:58:07','',NULL,''),(2000,'论文管理',1,1,'papers','papers/index',NULL,'',1,0,'C','0','0','papers:papers:list','dict','admin','2025-05-25 18:19:47','admin','2025-05-26 20:20:48','论文管理菜单'),(2001,'论文管理查询',2000,1,'#','',NULL,'',1,0,'F','0','0','papers:papers:query','#','admin','2025-05-25 18:19:47','',NULL,''),(2002,'论文管理新增',2000,2,'#','',NULL,'',1,0,'F','0','0','papers:papers:add','#','admin','2025-05-25 18:19:47','',NULL,''),(2003,'论文管理修改',2000,3,'#','',NULL,'',1,0,'F','0','0','papers:papers:edit','#','admin','2025-05-25 18:19:47','',NULL,''),(2004,'论文管理删除',2000,4,'#','',NULL,'',1,0,'F','0','0','papers:papers:remove','#','admin','2025-05-25 18:19:47','',NULL,''),(2005,'论文管理导出',2000,5,'#','',NULL,'',1,0,'F','0','0','papers:papers:export','#','admin','2025-05-25 18:19:47','',NULL,''),(2006,'我的论文',0,1,'paperspublish','paperspublish/index',NULL,'',1,0,'C','0','0','paperspublish:paperspublish:list','documentation','admin','2025-05-25 18:26:53','admin','2025-05-26 20:22:16','我的论文菜单'),(2007,'我的论文查询',2006,1,'#','',NULL,'',1,0,'F','0','0','paperspublish:paperspublish:query','#','admin','2025-05-25 18:26:54','',NULL,''),(2008,'我的论文新增',2006,2,'#','',NULL,'',1,0,'F','0','0','paperspublish:paperspublish:add','#','admin','2025-05-25 18:26:54','',NULL,''),(2009,'我的论文修改',2006,3,'#','',NULL,'',1,0,'F','0','0','paperspublish:paperspublish:edit','#','admin','2025-05-25 18:26:54','',NULL,''),(2010,'我的论文删除',2006,4,'#','',NULL,'',1,0,'F','0','0','paperspublish:paperspublish:remove','#','admin','2025-05-25 18:26:54','',NULL,''),(2011,'我的论文导出',2006,5,'#','',NULL,'',1,0,'F','0','0','paperspublish:paperspublish:export','#','admin','2025-05-25 18:26:54','',NULL,''),(2012,'论文查询',0,1,'papersfound','papersfound/index',NULL,'',1,0,'C','0','0','papersfound:papersfound:list','search','admin','2025-05-25 21:47:03','admin','2025-05-26 20:22:00','论文查询菜单'),(2013,'论文查询查询',2012,1,'#','',NULL,'',1,0,'F','0','0','papersfound:papersfound:query','#','admin','2025-05-25 21:47:03','',NULL,''),(2014,'论文查询新增',2012,2,'#','',NULL,'',1,0,'F','0','0','papersfound:papersfound:add','#','admin','2025-05-25 21:47:03','',NULL,''),(2015,'论文查询修改',2012,3,'#','',NULL,'',1,0,'F','0','0','papersfound:papersfound:edit','#','admin','2025-05-25 21:47:03','',NULL,''),(2016,'论文查询删除',2012,4,'#','',NULL,'',1,0,'F','0','0','papersfound:papersfound:remove','#','admin','2025-05-25 21:47:03','',NULL,''),(2017,'论文查询导出',2012,5,'#','',NULL,'',1,0,'F','0','0','papersfound:papersfound:export','#','admin','2025-05-25 21:47:03','',NULL,''),(2018,'参考文献',0,1,'literatures','literatures/index',NULL,'',1,0,'C','0','0','literatures:literatures:list','education','admin','2025-05-26 14:36:17','admin','2025-05-26 20:22:34','参考文献菜单'),(2019,'参考文献查询',2018,1,'#','',NULL,'',1,0,'F','0','0','literatures:literatures:query','#','admin','2025-05-26 14:36:17','',NULL,''),(2020,'参考文献新增',2018,2,'#','',NULL,'',1,0,'F','0','0','literatures:literatures:add','#','admin','2025-05-26 14:36:17','',NULL,''),(2021,'参考文献修改',2018,3,'#','',NULL,'',1,0,'F','0','0','literatures:literatures:edit','#','admin','2025-05-26 14:36:17','',NULL,''),(2022,'参考文献删除',2018,4,'#','',NULL,'',1,0,'F','0','0','literatures:literatures:remove','#','admin','2025-05-26 14:36:17','',NULL,''),(2023,'参考文献导出',2018,5,'#','',NULL,'',1,0,'F','0','0','literatures:literatures:export','#','admin','2025-05-26 14:36:17','',NULL,''),(2024,'辅助功能',0,1,'help','help/index',NULL,'',1,0,'C','0','0','help:help:list','tool','admin','2025-06-04 20:48:42','admin','2025-06-04 20:50:00','辅助功能菜单'),(2025,'辅助功能查询',2024,1,'#','',NULL,'',1,0,'F','0','0','help:help:query','#','admin','2025-06-04 20:48:42','',NULL,''),(2026,'辅助功能新增',2024,2,'#','',NULL,'',1,0,'F','0','0','help:help:add','#','admin','2025-06-04 20:48:42','',NULL,''),(2027,'辅助功能修改',2024,3,'#','',NULL,'',1,0,'F','0','0','help:help:edit','#','admin','2025-06-04 20:48:42','',NULL,''),(2028,'辅助功能删除',2024,4,'#','',NULL,'',1,0,'F','0','0','help:help:remove','#','admin','2025-06-04 20:48:42','',NULL,''),(2029,'辅助功能导出',2024,5,'#','',NULL,'',1,0,'F','0','0','help:help:export','#','admin','2025-06-04 20:48:42','',NULL,'');
/*!40000 ALTER TABLE `sys_menu` ENABLE KEYS */;
UNLOCK TABLES;

--
-- Table structure for table `sys_notice`
--

DROP TABLE IF EXISTS `sys_notice`;
/*!40101 SET @saved_cs_client     = @@character_set_client */;
/*!50503 SET character_set_client = utf8mb4 */;
CREATE TABLE `sys_notice` (
  `notice_id` int NOT NULL AUTO_INCREMENT COMMENT '公告ID',
  `notice_title` varchar(50) NOT NULL COMMENT '公告标题',
  `notice_type` char(1) NOT NULL COMMENT '公告类型（1通知 2公告）',
  `notice_content` longblob COMMENT '公告内容',
  `status` char(1) DEFAULT '0' COMMENT '公告状态（0正常 1关闭）',
  `create_by` varchar(64) DEFAULT '' COMMENT '创建者',
  `create_time` datetime DEFAULT NULL COMMENT '创建时间',
  `update_by` varchar(64) DEFAULT '' COMMENT '更新者',
  `update_time` datetime DEFAULT NULL COMMENT '更新时间',
  `remark` varchar(255) DEFAULT NULL COMMENT '备注',
  PRIMARY KEY (`notice_id`)
) ENGINE=InnoDB AUTO_INCREMENT=10 DEFAULT CHARSET=utf8mb4 COLLATE=utf8mb4_0900_ai_ci COMMENT='通知公告表';
/*!40101 SET character_set_client = @saved_cs_client */;

--
-- Dumping data for table `sys_notice`
--

LOCK TABLES `sys_notice` WRITE;
/*!40000 ALTER TABLE `sys_notice` DISABLE KEYS */;
INSERT INTO `sys_notice` (`notice_id`, `notice_title`, `notice_type`, `notice_content`, `status`, `create_by`, `create_time`, `update_by`, `update_time`, `remark`) VALUES (1,'温馨提醒：2018-07-01 若依新版本发布啦','2',_binary '新版本内容','0','admin','2025-05-25 17:58:07','',NULL,'管理员'),(2,'维护通知：2018-07-01 若依系统凌晨维护','1',_binary '维护内容','0','admin','2025-05-25 17:58:07','',NULL,'管理员');
/*!40000 ALTER TABLE `sys_notice` ENABLE KEYS */;
UNLOCK TABLES;

--
-- Table structure for table `sys_oper_log`
--

DROP TABLE IF EXISTS `sys_oper_log`;
/*!40101 SET @saved_cs_client     = @@character_set_client */;
/*!50503 SET character_set_client = utf8mb4 */;
CREATE TABLE `sys_oper_log` (
  `oper_id` bigint NOT NULL AUTO_INCREMENT COMMENT '日志主键',
  `title` varchar(50) DEFAULT '' COMMENT '模块标题',
  `business_type` int DEFAULT '0' COMMENT '业务类型（0其它 1新增 2修改 3删除）',
  `method` varchar(200) DEFAULT '' COMMENT '方法名称',
  `request_method` varchar(10) DEFAULT '' COMMENT '请求方式',
  `operator_type` int DEFAULT '0' COMMENT '操作类别（0其它 1后台用户 2手机端用户）',
  `oper_name` varchar(50) DEFAULT '' COMMENT '操作人员',
  `dept_name` varchar(50) DEFAULT '' COMMENT '部门名称',
  `oper_url` varchar(255) DEFAULT '' COMMENT '请求URL',
  `oper_ip` varchar(128) DEFAULT '' COMMENT '主机地址',
  `oper_location` varchar(255) DEFAULT '' COMMENT '操作地点',
  `oper_param` varchar(2000) DEFAULT '' COMMENT '请求参数',
  `json_result` varchar(2000) DEFAULT '' COMMENT '返回参数',
  `status` int DEFAULT '0' COMMENT '操作状态（0正常 1异常）',
  `error_msg` varchar(2000) DEFAULT '' COMMENT '错误消息',
  `oper_time` datetime DEFAULT NULL COMMENT '操作时间',
  `cost_time` bigint DEFAULT '0' COMMENT '消耗时间',
  PRIMARY KEY (`oper_id`),
  KEY `idx_sys_oper_log_bt` (`business_type`),
  KEY `idx_sys_oper_log_s` (`status`),
  KEY `idx_sys_oper_log_ot` (`oper_time`)
) ENGINE=InnoDB AUTO_INCREMENT=370 DEFAULT CHARSET=utf8mb4 COLLATE=utf8mb4_0900_ai_ci COMMENT='操作日志记录';
/*!40101 SET character_set_client = @saved_cs_client */;

--
-- Dumping data for table `sys_oper_log`
--

LOCK TABLES `sys_oper_log` WRITE;
/*!40000 ALTER TABLE `sys_oper_log` DISABLE KEYS */;
INSERT INTO `sys_oper_log` (`oper_id`, `title`, `business_type`, `method`, `request_method`, `operator_type`, `oper_name`, `dept_name`, `oper_url`, `oper_ip`, `oper_location`, `oper_param`, `json_result`, `status`, `error_msg`, `oper_time`, `cost_time`) VALUES (100,'参数管理',2,'com.ruoyi.web.controller.system.SysConfigController.edit()','PUT',1,'admin','研发部门','/system/config','127.0.0.1','内网IP','{\"configId\":5,\"configKey\":\"sys.account.registerUser\",\"configName\":\"账号自助-是否开启用户注册功能\",\"configType\":\"Y\",\"configValue\":\"true\",\"createBy\":\"admin\",\"createTime\":\"2025-05-25 17:58:07\",\"params\":{},\"remark\":\"是否开启注册用户功能（true开启，false关闭）\",\"updateBy\":\"admin\"}','{\"msg\":\"操作成功\",\"code\":200}',0,NULL,'2025-05-25 18:03:17',15),(101,'代码生成',6,'com.ruoyi.generator.controller.GenController.importTableSave()','POST',1,'admin','研发部门','/tool/gen/importTable','127.0.0.1','内网IP','{\"tables\":\"papers\"}','{\"msg\":\"操作成功\",\"code\":200}',0,NULL,'2025-05-25 18:11:31',188),(102,'代码生成',3,'com.ruoyi.generator.controller.GenController.remove()','DELETE',1,'admin','研发部门','/tool/gen/1','127.0.0.1','内网IP','[1]','{\"msg\":\"操作成功\",\"code\":200}',0,NULL,'2025-05-25 18:14:33',23),(103,'代码生成',6,'com.ruoyi.generator.controller.GenController.importTableSave()','POST',1,'admin','研发部门','/tool/gen/importTable','127.0.0.1','内网IP','{\"tables\":\"papers\"}','{\"msg\":\"操作成功\",\"code\":200}',0,NULL,'2025-05-25 18:14:41',47),(104,'代码生成',2,'com.ruoyi.generator.controller.GenController.editSave()','PUT',1,'admin','研发部门','/tool/gen','127.0.0.1','内网IP','{\"businessName\":\"papers\",\"className\":\"Papers\",\"columns\":[{\"capJavaField\":\"PapersId\",\"columnComment\":\"论文id\",\"columnId\":15,\"columnName\":\"papers_id\",\"columnType\":\"bigint\",\"createBy\":\"admin\",\"createTime\":\"2025-05-25 18:14:41\",\"dictType\":\"\",\"edit\":false,\"htmlType\":\"input\",\"increment\":true,\"insert\":true,\"isIncrement\":\"1\",\"isInsert\":\"1\",\"isPk\":\"1\",\"isRequired\":\"0\",\"javaField\":\"papersId\",\"javaType\":\"Long\",\"list\":false,\"params\":{},\"pk\":true,\"query\":false,\"queryType\":\"EQ\",\"required\":false,\"sort\":1,\"superColumn\":false,\"tableId\":2,\"updateBy\":\"\",\"usableColumn\":false},{\"capJavaField\":\"ParentId\",\"columnComment\":\"父论文id\",\"columnId\":16,\"columnName\":\"parent_id\",\"columnType\":\"bigint\",\"createBy\":\"admin\",\"createTime\":\"2025-05-25 18:14:41\",\"dictType\":\"\",\"edit\":false,\"htmlType\":\"input\",\"increment\":false,\"insert\":true,\"isEdit\":\"0\",\"isIncrement\":\"0\",\"isInsert\":\"1\",\"isList\":\"0\",\"isPk\":\"0\",\"isQuery\":\"0\",\"isRequired\":\"0\",\"javaField\":\"parentId\",\"javaType\":\"Long\",\"list\":false,\"params\":{},\"pk\":false,\"query\":false,\"queryType\":\"EQ\",\"required\":false,\"sort\":2,\"superColumn\":true,\"tableId\":2,\"updateBy\":\"\",\"usableColumn\":true},{\"capJavaField\":\"Ancestors\",\"columnComment\":\"祖级列表\",\"columnId\":17,\"columnName\":\"ancestors\",\"columnType\":\"varchar(50)\",\"createBy\":\"admin\",\"createTime\":\"2025-05-25 18:14:41\",\"dictType\":\"\",\"edit\":false,\"htmlType\":\"input\",\"increment\":false,\"insert\":true,\"isEdit\":\"0\",\"isIncrement\":\"0\",\"isInsert\":\"1\",\"isList\":\"0\",\"isPk\":\"0\",\"isQuery\":\"0\",\"isRequired\":\"0\",\"javaField\":\"ancestors\",\"javaType\":\"String\",\"list\":false,\"params\":{},\"pk\":false,\"query\":false,\"queryType\":\"EQ\",\"required\":false,\"sort\":3,\"superColumn\":true,\"tableId\":2,\"updateBy\":\"\",\"usableColumn\":false},{\"capJavaField\":\"PapersCategory\",\"columnComment\":\"论文分类\",\"columnId\":18,\"columnName\":\"papers_category\",\"columnType\":\"varchar(255)\",\"createBy\":\"admin\",\"createTime\":\"2025-05-25 18:14:41\",\"dictType\":\"\",\"edit\":true,\"htmlType\":\"input\",\"increment\":false,\"insert\":true,\"isEdit\":\"1\",\"isIncrement\":\"0\",\"isInsert\":\"1\",\"isList\":\"1\",\"isPk\":\"0\",\"isQuery\":','{\"msg\":\"操作成功\",\"code\":200}',0,NULL,'2025-05-25 18:18:16',73),(105,'代码生成',8,'com.ruoyi.generator.controller.GenController.batchGenCode()','GET',1,'admin','研发部门','/tool/gen/batchGenCode','127.0.0.1','内网IP','{\"tables\":\"papers\"}',NULL,0,NULL,'2025-05-25 18:18:47',446),(106,'菜单管理',2,'com.ruoyi.web.controller.system.SysMenuController.edit()','PUT',1,'admin','研发部门','/system/menu','127.0.0.1','内网IP','{\"children\":[],\"component\":\"papers/index\",\"createTime\":\"2025-05-25 18:19:47\",\"icon\":\"#\",\"isCache\":\"0\",\"isFrame\":\"1\",\"menuId\":2000,\"menuName\":\"论文管理\",\"menuType\":\"C\",\"orderNum\":1,\"params\":{},\"parentId\":3,\"path\":\"papers\",\"perms\":\"papers:papers:list\",\"routeName\":\"\",\"status\":\"0\",\"updateBy\":\"admin\",\"visible\":\"0\"}','{\"msg\":\"操作成功\",\"code\":200}',0,NULL,'2025-05-25 18:22:21',107),(107,'论文管理',1,'com.ruoyi.papers.controller.PapersController.add()','POST',1,'admin','研发部门','/papers/papers','127.0.0.1','内网IP','{\"author\":\"w\",\"children\":[],\"fileName\":\"w\",\"journal\":\"w\",\"keywords\":\"w\",\"papersCategory\":\"w\",\"papersId\":200,\"papersName\":\"w\",\"params\":{},\"parentId\":0}','{\"msg\":\"操作成功\",\"code\":200}',0,NULL,'2025-05-25 18:23:41',21),(108,'代码生成',2,'com.ruoyi.generator.controller.GenController.editSave()','PUT',1,'admin','研发部门','/tool/gen','127.0.0.1','内网IP','{\"businessName\":\"paperspublish\",\"className\":\"Paperspublish\",\"columns\":[{\"capJavaField\":\"PapersId\",\"columnComment\":\"论文id\",\"columnId\":15,\"columnName\":\"papers_id\",\"columnType\":\"bigint\",\"createBy\":\"admin\",\"createTime\":\"2025-05-25 18:14:41\",\"dictType\":\"\",\"edit\":false,\"htmlType\":\"input\",\"increment\":true,\"insert\":true,\"isIncrement\":\"1\",\"isInsert\":\"1\",\"isPk\":\"1\",\"isRequired\":\"0\",\"javaField\":\"papersId\",\"javaType\":\"Long\",\"list\":false,\"params\":{},\"pk\":true,\"query\":false,\"queryType\":\"EQ\",\"required\":false,\"sort\":1,\"superColumn\":false,\"tableId\":2,\"updateBy\":\"\",\"updateTime\":\"2025-05-25 18:18:16\",\"usableColumn\":false},{\"capJavaField\":\"ParentId\",\"columnComment\":\"父论文id\",\"columnId\":16,\"columnName\":\"parent_id\",\"columnType\":\"bigint\",\"createBy\":\"admin\",\"createTime\":\"2025-05-25 18:14:41\",\"dictType\":\"\",\"edit\":false,\"htmlType\":\"input\",\"increment\":false,\"insert\":true,\"isEdit\":\"0\",\"isIncrement\":\"0\",\"isInsert\":\"1\",\"isList\":\"0\",\"isPk\":\"0\",\"isQuery\":\"0\",\"isRequired\":\"0\",\"javaField\":\"parentId\",\"javaType\":\"Long\",\"list\":false,\"params\":{},\"pk\":false,\"query\":false,\"queryType\":\"EQ\",\"required\":false,\"sort\":2,\"superColumn\":true,\"tableId\":2,\"updateBy\":\"\",\"updateTime\":\"2025-05-25 18:18:16\",\"usableColumn\":true},{\"capJavaField\":\"Ancestors\",\"columnComment\":\"祖级列表\",\"columnId\":17,\"columnName\":\"ancestors\",\"columnType\":\"varchar(50)\",\"createBy\":\"admin\",\"createTime\":\"2025-05-25 18:14:41\",\"dictType\":\"\",\"edit\":false,\"htmlType\":\"input\",\"increment\":false,\"insert\":true,\"isEdit\":\"0\",\"isIncrement\":\"0\",\"isInsert\":\"1\",\"isList\":\"0\",\"isPk\":\"0\",\"isQuery\":\"0\",\"isRequired\":\"0\",\"javaField\":\"ancestors\",\"javaType\":\"String\",\"list\":false,\"params\":{},\"pk\":false,\"query\":false,\"queryType\":\"EQ\",\"required\":false,\"sort\":3,\"superColumn\":true,\"tableId\":2,\"updateBy\":\"\",\"updateTime\":\"2025-05-25 18:18:16\",\"usableColumn\":false},{\"capJavaField\":\"PapersCategory\",\"columnComment\":\"论文分类\",\"columnId\":18,\"columnName\":\"papers_category\",\"columnType\":\"varchar(255)\",\"createBy\":\"admin\",\"createTime\":\"2025-05-25 18:14:41\",\"dictType\":\"\",\"edit\":true,\"htmlType\":\"','{\"msg\":\"操作成功\",\"code\":200}',0,NULL,'2025-05-25 18:25:31',160),(109,'代码生成',8,'com.ruoyi.generator.controller.GenController.batchGenCode()','GET',1,'admin','研发部门','/tool/gen/batchGenCode','127.0.0.1','内网IP','{\"tables\":\"papers\"}',NULL,0,NULL,'2025-05-25 18:25:34',777),(110,'代码生成',8,'com.ruoyi.generator.controller.GenController.batchGenCode()','GET',1,'admin','研发部门','/tool/gen/batchGenCode','127.0.0.1','内网IP','{\"tables\":\"papers\"}',NULL,0,NULL,'2025-05-25 18:26:00',75),(111,'菜单管理',2,'com.ruoyi.web.controller.system.SysMenuController.edit()','PUT',1,'admin','研发部门','/system/menu','127.0.0.1','内网IP','{\"children\":[],\"component\":\"paperspublish/index\",\"createTime\":\"2025-05-25 18:26:53\",\"icon\":\"#\",\"isCache\":\"0\",\"isFrame\":\"1\",\"menuId\":2006,\"menuName\":\"我的论文\",\"menuType\":\"C\",\"orderNum\":1,\"params\":{},\"parentId\":0,\"path\":\"paperspublish\",\"perms\":\"paperspublish:paperspublish:list\",\"routeName\":\"\",\"status\":\"0\",\"updateBy\":\"admin\",\"visible\":\"0\"}','{\"msg\":\"操作成功\",\"code\":200}',0,NULL,'2025-05-25 18:29:15',102),(112,'角色管理',2,'com.ruoyi.web.controller.system.SysRoleController.dataScope()','PUT',1,'admin','研发部门','/system/role/dataScope','127.0.0.1','内网IP','{\"admin\":false,\"createTime\":\"2025-05-25 17:58:06\",\"dataScope\":\"5\",\"delFlag\":\"0\",\"deptCheckStrictly\":true,\"deptIds\":[],\"flag\":false,\"menuCheckStrictly\":true,\"params\":{},\"remark\":\"普通角色\",\"roleId\":2,\"roleKey\":\"common\",\"roleName\":\"普通角色\",\"roleSort\":2,\"status\":\"0\"}','{\"msg\":\"操作成功\",\"code\":200}',0,NULL,'2025-05-25 20:29:10',125),(113,'角色管理',2,'com.ruoyi.web.controller.system.SysRoleController.edit()','PUT',1,'admin','研发部门','/system/role','127.0.0.1','内网IP','{\"admin\":false,\"createTime\":\"2025-05-25 17:58:06\",\"dataScope\":\"5\",\"delFlag\":\"0\",\"deptCheckStrictly\":true,\"flag\":false,\"menuCheckStrictly\":true,\"menuIds\":[3,1,100,1000,1001,1002,1003,1004,1005,1006,101,1007,1008,1009,1010,1011,102,1012,1013,1014,1015,103,1016,1017,1018,1019,104,1020,1021,1022,1023,1024,105,1025,1026,1027,1028,1029,106,1030,1031,1032,1033,1034,107,1035,1036,1037,1038,108,500,1039,1040,1041,501,1042,1043,1044,1045,2006,2007,2008,2009,2010,2011,2,109,1046,1047,1048,110,1049,1050,1051,1052,1053,1054,111,112,113,114,115,116,1055,1056,1057,1058,1059,1060,117,4],\"params\":{},\"remark\":\"普通角色\",\"roleId\":2,\"roleKey\":\"common\",\"roleName\":\"普通角色\",\"roleSort\":2,\"status\":\"0\",\"updateBy\":\"admin\"}','{\"msg\":\"操作成功\",\"code\":200}',0,NULL,'2025-05-25 20:30:25',35),(114,'我的论文',1,'com.ruoyi.paperspublish.controller.PaperspublishController.add()','POST',1,'admin','研发部门','/paperspublish/paperspublish','127.0.0.1','内网IP','{\"author\":\"w\",\"children\":[],\"journal\":\"w\",\"keywords\":\"w\",\"papersCategory\":\"w\",\"papersId\":201,\"papersName\":\"w\",\"params\":{},\"parentId\":0}','{\"msg\":\"操作成功\",\"code\":200}',0,NULL,'2025-05-25 20:33:43',45),(115,'我的论文',1,'com.ruoyi.paperspublish.controller.PaperspublishController.add()','POST',1,'123',NULL,'/paperspublish/paperspublish','127.0.0.1','内网IP','{\"author\":\"123\",\"children\":[],\"journal\":\"123\",\"keywords\":\"123\",\"papersCategory\":\"123\",\"papersId\":202,\"papersName\":\"123\",\"params\":{},\"parentId\":0}','{\"msg\":\"操作成功\",\"code\":200}',0,NULL,'2025-05-25 20:37:31',8),(116,'我的论文',1,'com.ruoyi.paperspublish.controller.PaperspublishController.add()','POST',1,'123',NULL,'/paperspublish/paperspublish','127.0.0.1','内网IP','{\"author\":\"ad\",\"children\":[],\"journal\":\"ad\",\"keywords\":\"ad\",\"papersCategory\":\"ad\",\"papersId\":203,\"papersName\":\"ad\",\"params\":{},\"parentId\":0}','{\"msg\":\"操作成功\",\"code\":200}',0,NULL,'2025-05-25 20:38:07',11),(117,'我的论文',1,'com.ruoyi.paperspublish.controller.PaperspublishController.add()','POST',1,'123',NULL,'/paperspublish/paperspublish','127.0.0.1','内网IP','{\"author\":\"ws\",\"children\":[],\"fileName\":\"ws\",\"journal\":\"ws\",\"keywords\":\"ws\",\"papersCategory\":\"ws\",\"papersId\":204,\"papersName\":\"ws\",\"params\":{},\"parentId\":0}','{\"msg\":\"操作成功\",\"code\":200}',0,NULL,'2025-05-25 20:43:31',61),(118,'我的论文',1,'com.ruoyi.paperspublish.controller.PaperspublishController.add()','POST',1,'123',NULL,'/paperspublish/paperspublish','127.0.0.1','内网IP','{\"author\":\"abc\",\"children\":[],\"journal\":\"abc\",\"keywords\":\"abc\",\"papersCategory\":\"abc\",\"papersId\":205,\"papersName\":\"abc\",\"params\":{},\"parentId\":0,\"userId\":100}','{\"msg\":\"操作成功\",\"code\":200}',0,NULL,'2025-05-25 20:54:12',28),(119,'我的论文',1,'com.ruoyi.paperspublish.controller.PaperspublishController.add()','POST',1,'123',NULL,'/paperspublish/paperspublish','127.0.0.1','内网IP','{\"author\":\"wsw\",\"children\":[],\"journal\":\"wsw\",\"keywords\":\"wsw\",\"papersCategory\":\"wsw\",\"papersId\":206,\"papersName\":\"wsw\",\"params\":{},\"parentId\":0,\"userId\":100}','{\"msg\":\"操作成功\",\"code\":200}',0,NULL,'2025-05-25 21:03:20',114),(120,'我的论文',3,'com.ruoyi.paperspublish.controller.PaperspublishController.remove()','DELETE',1,'admin','研发部门','/paperspublish/paperspublish/200','127.0.0.1','内网IP','[200]','{\"msg\":\"操作成功\",\"code\":200}',0,NULL,'2025-05-25 21:14:48',23),(121,'论文管理',2,'com.ruoyi.papers.controller.PapersController.edit()','PUT',1,'admin','研发部门','/papers/papers','127.0.0.1','内网IP','{\"ancestors\":\"\",\"author\":\"123\",\"children\":[],\"fileName\":\"\",\"fileRoad\":\"\",\"journal\":\"123\",\"keywords\":\"123\",\"papersCategory\":\"123\",\"papersId\":202,\"papersName\":\"123\",\"params\":{},\"parentId\":0}','{\"msg\":\"操作成功\",\"code\":200}',0,NULL,'2025-05-25 21:35:04',18),(122,'代码生成',2,'com.ruoyi.generator.controller.GenController.editSave()','PUT',1,'admin','研发部门','/tool/gen','127.0.0.1','内网IP','{\"businessName\":\"papersfound\",\"className\":\"Papersfound\",\"columns\":[{\"capJavaField\":\"PapersId\",\"columnComment\":\"论文id\",\"columnId\":15,\"columnName\":\"papers_id\",\"columnType\":\"bigint\",\"createBy\":\"admin\",\"createTime\":\"2025-05-25 18:14:41\",\"dictType\":\"\",\"edit\":false,\"htmlType\":\"input\",\"increment\":true,\"insert\":false,\"isIncrement\":\"1\",\"isInsert\":\"0\",\"isPk\":\"1\",\"isRequired\":\"0\",\"javaField\":\"papersId\",\"javaType\":\"Long\",\"list\":false,\"params\":{},\"pk\":true,\"query\":false,\"queryType\":\"EQ\",\"required\":false,\"sort\":1,\"superColumn\":false,\"tableId\":2,\"updateBy\":\"\",\"updateTime\":\"2025-05-25 18:25:31\",\"usableColumn\":false},{\"capJavaField\":\"ParentId\",\"columnComment\":\"父论文id\",\"columnId\":16,\"columnName\":\"parent_id\",\"columnType\":\"bigint\",\"createBy\":\"admin\",\"createTime\":\"2025-05-25 18:14:41\",\"dictType\":\"\",\"edit\":false,\"htmlType\":\"input\",\"increment\":false,\"insert\":false,\"isEdit\":\"0\",\"isIncrement\":\"0\",\"isInsert\":\"0\",\"isList\":\"0\",\"isPk\":\"0\",\"isQuery\":\"0\",\"isRequired\":\"0\",\"javaField\":\"parentId\",\"javaType\":\"Long\",\"list\":false,\"params\":{},\"pk\":false,\"query\":false,\"queryType\":\"EQ\",\"required\":false,\"sort\":2,\"superColumn\":true,\"tableId\":2,\"updateBy\":\"\",\"updateTime\":\"2025-05-25 18:25:31\",\"usableColumn\":true},{\"capJavaField\":\"Ancestors\",\"columnComment\":\"祖级列表\",\"columnId\":17,\"columnName\":\"ancestors\",\"columnType\":\"varchar(50)\",\"createBy\":\"admin\",\"createTime\":\"2025-05-25 18:14:41\",\"dictType\":\"\",\"edit\":false,\"htmlType\":\"input\",\"increment\":false,\"insert\":false,\"isEdit\":\"0\",\"isIncrement\":\"0\",\"isInsert\":\"0\",\"isList\":\"0\",\"isPk\":\"0\",\"isQuery\":\"0\",\"isRequired\":\"0\",\"javaField\":\"ancestors\",\"javaType\":\"String\",\"list\":false,\"params\":{},\"pk\":false,\"query\":false,\"queryType\":\"EQ\",\"required\":false,\"sort\":3,\"superColumn\":true,\"tableId\":2,\"updateBy\":\"\",\"updateTime\":\"2025-05-25 18:25:31\",\"usableColumn\":false},{\"capJavaField\":\"PapersCategory\",\"columnComment\":\"论文分类\",\"columnId\":18,\"columnName\":\"papers_category\",\"columnType\":\"varchar(255)\",\"createBy\":\"admin\",\"createTime\":\"2025-05-25 18:14:41\",\"dictType\":\"\",\"edit\":false,\"htmlType\":\"','{\"msg\":\"操作成功\",\"code\":200}',0,NULL,'2025-05-25 21:45:30',91),(123,'代码生成',8,'com.ruoyi.generator.controller.GenController.batchGenCode()','GET',1,'admin','研发部门','/tool/gen/batchGenCode','127.0.0.1','内网IP','{\"tables\":\"papers\"}',NULL,0,NULL,'2025-05-25 21:45:33',495),(124,'菜单管理',2,'com.ruoyi.web.controller.system.SysMenuController.edit()','PUT',1,'admin','研发部门','/system/menu','127.0.0.1','内网IP','{\"children\":[],\"component\":\"papersfound/index\",\"createTime\":\"2025-05-25 21:47:03\",\"icon\":\"#\",\"isCache\":\"0\",\"isFrame\":\"1\",\"menuId\":2012,\"menuName\":\"论文查询\",\"menuType\":\"C\",\"orderNum\":1,\"params\":{},\"parentId\":0,\"path\":\"papersfound\",\"perms\":\"papersfound:papersfound:list\",\"routeName\":\"\",\"status\":\"0\",\"updateBy\":\"admin\",\"visible\":\"0\"}','{\"msg\":\"操作成功\",\"code\":200}',0,NULL,'2025-05-25 21:49:20',97),(125,'角色管理',2,'com.ruoyi.web.controller.system.SysRoleController.edit()','PUT',1,'admin','研发部门','/system/role','127.0.0.1','内网IP','{\"admin\":false,\"createTime\":\"2025-05-25 17:58:06\",\"dataScope\":\"5\",\"delFlag\":\"0\",\"deptCheckStrictly\":true,\"flag\":false,\"menuCheckStrictly\":true,\"menuIds\":[3,1,100,1000,1001,1002,1003,1004,1005,1006,101,1007,1008,1009,1010,1011,102,1012,1013,1014,1015,103,1016,1017,1018,1019,104,1020,1021,1022,1023,1024,105,1025,1026,1027,1028,1029,106,1030,1031,1032,1033,1034,107,1035,1036,1037,1038,108,500,1039,1040,1041,501,1042,1043,1044,1045,2006,2007,2008,2009,2010,2011,2012,2013,2014,2015,2016,2017,2,109,1046,1047,1048,110,1049,1050,1051,1052,1053,1054,111,112,113,114,115,116,1055,1056,1057,1058,1059,1060,117,4],\"params\":{},\"remark\":\"普通角色\",\"roleId\":2,\"roleKey\":\"common\",\"roleName\":\"普通角色\",\"roleSort\":2,\"status\":\"0\",\"updateBy\":\"admin\"}','{\"msg\":\"操作成功\",\"code\":200}',0,NULL,'2025-05-25 21:49:36',157),(126,'代码生成',6,'com.ruoyi.generator.controller.GenController.importTableSave()','POST',1,'admin','研发部门','/tool/gen/importTable','127.0.0.1','内网IP','{\"tables\":\"literatures\"}','{\"msg\":\"操作成功\",\"code\":200}',0,NULL,'2025-05-26 14:30:32',144),(127,'代码生成',2,'com.ruoyi.generator.controller.GenController.editSave()','PUT',1,'admin','研发部门','/tool/gen','127.0.0.1','内网IP','{\"businessName\":\"literatures\",\"className\":\"Literatures\",\"columns\":[{\"capJavaField\":\"LiteraturesId\",\"columnComment\":\"文献id\",\"columnId\":28,\"columnName\":\"literatures_id\",\"columnType\":\"bigint\",\"createBy\":\"admin\",\"createTime\":\"2025-05-26 14:30:32\",\"dictType\":\"\",\"edit\":false,\"htmlType\":\"input\",\"increment\":true,\"insert\":true,\"isIncrement\":\"1\",\"isInsert\":\"1\",\"isPk\":\"1\",\"isRequired\":\"0\",\"javaField\":\"literaturesId\",\"javaType\":\"Long\",\"list\":false,\"params\":{},\"pk\":true,\"query\":false,\"queryType\":\"EQ\",\"required\":false,\"sort\":1,\"superColumn\":false,\"tableId\":3,\"updateBy\":\"\",\"usableColumn\":false},{\"capJavaField\":\"ParentId\",\"columnComment\":\"父文献id\",\"columnId\":29,\"columnName\":\"parent_id\",\"columnType\":\"bigint\",\"createBy\":\"admin\",\"createTime\":\"2025-05-26 14:30:32\",\"dictType\":\"\",\"edit\":false,\"htmlType\":\"input\",\"increment\":false,\"insert\":true,\"isEdit\":\"0\",\"isIncrement\":\"0\",\"isInsert\":\"1\",\"isList\":\"0\",\"isPk\":\"0\",\"isQuery\":\"0\",\"isRequired\":\"0\",\"javaField\":\"parentId\",\"javaType\":\"Long\",\"list\":false,\"params\":{},\"pk\":false,\"query\":false,\"queryType\":\"EQ\",\"required\":false,\"sort\":2,\"superColumn\":true,\"tableId\":3,\"updateBy\":\"\",\"usableColumn\":true},{\"capJavaField\":\"Ancestors\",\"columnComment\":\"祖级列表\",\"columnId\":30,\"columnName\":\"ancestors\",\"columnType\":\"varchar(50)\",\"createBy\":\"admin\",\"createTime\":\"2025-05-26 14:30:32\",\"dictType\":\"\",\"edit\":false,\"htmlType\":\"input\",\"increment\":false,\"insert\":true,\"isEdit\":\"0\",\"isIncrement\":\"0\",\"isInsert\":\"1\",\"isList\":\"0\",\"isPk\":\"0\",\"isQuery\":\"0\",\"isRequired\":\"0\",\"javaField\":\"ancestors\",\"javaType\":\"String\",\"list\":false,\"params\":{},\"pk\":false,\"query\":false,\"queryType\":\"EQ\",\"required\":false,\"sort\":3,\"superColumn\":true,\"tableId\":3,\"updateBy\":\"\",\"usableColumn\":false},{\"capJavaField\":\"LiteraturesCategory\",\"columnComment\":\"文献分类\",\"columnId\":31,\"columnName\":\"literatures_category\",\"columnType\":\"varchar(255)\",\"createBy\":\"admin\",\"createTime\":\"2025-05-26 14:30:32\",\"dictType\":\"\",\"edit\":true,\"htmlType\":\"input\",\"increment\":false,\"insert\":true,\"isEdit\":\"1\",\"isIncrement\":\"0\",\"isInsert\":\"1\"','{\"msg\":\"操作成功\",\"code\":200}',0,NULL,'2025-05-26 14:35:18',45),(128,'代码生成',8,'com.ruoyi.generator.controller.GenController.batchGenCode()','GET',1,'admin','研发部门','/tool/gen/batchGenCode','127.0.0.1','内网IP','{\"tables\":\"literatures\"}',NULL,0,NULL,'2025-05-26 14:35:21',494),(129,'菜单管理',2,'com.ruoyi.web.controller.system.SysMenuController.edit()','PUT',1,'admin','研发部门','/system/menu','127.0.0.1','内网IP','{\"children\":[],\"component\":\"literatures/index\",\"createTime\":\"2025-05-26 14:36:17\",\"icon\":\"#\",\"isCache\":\"0\",\"isFrame\":\"1\",\"menuId\":2018,\"menuName\":\"参考文献\",\"menuType\":\"C\",\"orderNum\":1,\"params\":{},\"parentId\":3,\"path\":\"literatures\",\"perms\":\"literatures:literatures:list\",\"routeName\":\"\",\"status\":\"0\",\"updateBy\":\"admin\",\"visible\":\"0\"}','{\"msg\":\"操作成功\",\"code\":200}',0,NULL,'2025-05-26 14:38:26',59),(130,'用户管理',1,'com.ruoyi.web.controller.system.SysUserController.add()','POST',1,'admin','研发部门','/system/user','127.0.0.1','内网IP','{\"admin\":false,\"createBy\":\"admin\",\"nickName\":\"1234\",\"params\":{},\"postIds\":[],\"roleIds\":[2],\"status\":\"0\",\"userId\":101,\"userName\":\"1234\"}','{\"msg\":\"操作成功\",\"code\":200}',0,NULL,'2025-05-26 14:49:13',337),(131,'角色管理',2,'com.ruoyi.web.controller.system.SysRoleController.edit()','PUT',1,'admin','研发部门','/system/role','127.0.0.1','内网IP','{\"admin\":false,\"createTime\":\"2025-05-25 17:58:06\",\"dataScope\":\"5\",\"delFlag\":\"0\",\"deptCheckStrictly\":true,\"flag\":false,\"menuCheckStrictly\":true,\"menuIds\":[3,1,100,1000,1001,1002,1003,1004,1005,1006,101,1007,1008,1009,1010,1011,102,1012,1013,1014,1015,103,1016,1017,1018,1019,104,1020,1021,1022,1023,1024,105,1025,1026,1027,1028,1029,106,1030,1031,1032,1033,1034,107,1035,1036,1037,1038,108,500,1039,1040,1041,501,1042,1043,1044,1045,2006,2007,2008,2009,2010,2011,2012,2013,2014,2015,2016,2017,2,109,1046,1047,1048,110,1049,1050,1051,1052,1053,1054,111,112,113,114,115,2018,2019,2020,2021,2022,2023,116,1055,1056,1057,1058,1059,1060,117,4],\"params\":{},\"remark\":\"普通角色\",\"roleId\":2,\"roleKey\":\"common\",\"roleName\":\"普通角色\",\"roleSort\":2,\"status\":\"0\",\"updateBy\":\"admin\"}','{\"msg\":\"操作成功\",\"code\":200}',0,NULL,'2025-05-26 14:50:06',70),(132,'参考文献',1,'com.ruoyi.literatures.controller.LiteraturesController.add()','POST',1,'123',NULL,'/literatures/literatures','127.0.0.1','内网IP','{\"author\":\"123\",\"children\":[],\"journal\":\"213\",\"keywords\":\"123\",\"literaturesCategory\":\"123\",\"literaturesId\":200,\"literaturesName\":\"123\",\"params\":{},\"parentId\":0,\"userId\":100}','{\"msg\":\"操作成功\",\"code\":200}',0,NULL,'2025-05-26 14:50:28',17),(133,'参考文献',1,'com.ruoyi.literatures.controller.LiteraturesController.add()','POST',1,'1234',NULL,'/literatures/literatures','127.0.0.1','内网IP','{\"author\":\"1234\",\"children\":[],\"journal\":\"1234\",\"keywords\":\"1234\",\"literaturesCategory\":\"1234\",\"literaturesId\":201,\"literaturesName\":\"1234\",\"params\":{},\"parentId\":0,\"userId\":101}','{\"msg\":\"操作成功\",\"code\":200}',0,NULL,'2025-05-26 14:51:08',22),(134,'参考文献',2,'com.ruoyi.literatures.controller.LiteraturesController.edit()','PUT',1,'admin','研发部门','/literatures/literatures','127.0.0.1','内网IP','{\"ancestors\":\"\",\"author\":\"123\",\"children\":[],\"fileName\":\"\",\"fileRoad\":\"\",\"journal\":\"213\",\"keywords\":\"123\",\"literaturesCategory\":\"12\",\"literaturesId\":200,\"literaturesName\":\"123\",\"params\":{},\"parentId\":0,\"userId\":100}','{\"msg\":\"操作成功\",\"code\":200}',0,NULL,'2025-05-26 15:07:20',74),(135,'论文管理',1,'com.ruoyi.papers.controller.PapersController.add()','POST',1,'admin','研发部门','/papers/papers','127.0.0.1','内网IP','{\"author\":\"ec\",\"children\":[],\"fileName\":\"ce\",\"fileRoad\":\"/profile/upload/2025/05/26/zhineng_20250526152811A001.doc\",\"journal\":\"ce\",\"keywords\":\"ec\",\"papersCategory\":\"ce\",\"papersId\":207,\"papersName\":\"ce\",\"params\":{},\"parentId\":0}','{\"msg\":\"操作成功\",\"code\":200}',0,NULL,'2025-05-26 15:28:14',118),(136,'我的论文',3,'com.ruoyi.paperspublish.controller.PaperspublishController.remove()','DELETE',1,'admin','研发部门','/paperspublish/paperspublish/207','127.0.0.1','内网IP','[207]','{\"msg\":\"操作成功\",\"code\":200}',0,NULL,'2025-05-26 16:57:07',64),(137,'我的论文',1,'com.ruoyi.paperspublish.controller.PaperspublishController.add()','POST',1,'admin','研发部门','/paperspublish/paperspublish','127.0.0.1','内网IP','{\"author\":\"qwe\",\"children\":[],\"fileRoad\":\"/profile/upload/2025/05/26/zhineng_20250526165726A001.doc\",\"journal\":\"qwe\",\"keywords\":\"qwe\",\"papersId\":208,\"papersName\":\"qwe\",\"params\":{},\"parentId\":0,\"userId\":1}','{\"msg\":\"操作成功\",\"code\":200}',0,NULL,'2025-05-26 16:57:28',37),(138,'我的论文',3,'com.ruoyi.paperspublish.controller.PaperspublishController.remove()','DELETE',1,'admin','研发部门','/paperspublish/paperspublish/208','127.0.0.1','内网IP','[208]','{\"msg\":\"操作成功\",\"code\":200}',0,NULL,'2025-05-26 17:03:39',24),(139,'我的论文',1,'com.ruoyi.paperspublish.controller.PaperspublishController.add()','POST',1,'admin','研发部门','/paperspublish/paperspublish','127.0.0.1','内网IP','{\"author\":\"qqq\",\"children\":[],\"fileRoad\":\"/profile/upload/2025/05/26/zhineng_20250526170349A001.doc\",\"journal\":\"qq\",\"keywords\":\"qqq\",\"papersId\":209,\"papersName\":\"qqq\",\"params\":{},\"parentId\":0,\"userId\":1}','{\"msg\":\"操作成功\",\"code\":200}',0,NULL,'2025-05-26 17:03:50',12),(140,'论文管理',3,'com.ruoyi.papers.controller.PapersController.remove()','DELETE',1,'admin','研发部门','/papers/papers/201','127.0.0.1','内网IP','[201]','{\"msg\":\"操作成功\",\"code\":200}',0,NULL,'2025-05-26 17:41:36',60),(141,'论文管理',3,'com.ruoyi.papers.controller.PapersController.remove()','DELETE',1,'admin','研发部门','/papers/papers/202','127.0.0.1','内网IP','[202]','{\"msg\":\"操作成功\",\"code\":200}',0,NULL,'2025-05-26 17:41:38',23),(142,'论文管理',3,'com.ruoyi.papers.controller.PapersController.remove()','DELETE',1,'admin','研发部门','/papers/papers/203','127.0.0.1','内网IP','[203]','{\"msg\":\"操作成功\",\"code\":200}',0,NULL,'2025-05-26 17:41:40',23),(143,'论文管理',3,'com.ruoyi.papers.controller.PapersController.remove()','DELETE',1,'admin','研发部门','/papers/papers/204','127.0.0.1','内网IP','[204]','{\"msg\":\"操作成功\",\"code\":200}',0,NULL,'2025-05-26 17:41:42',8),(144,'论文管理',3,'com.ruoyi.papers.controller.PapersController.remove()','DELETE',1,'admin','研发部门','/papers/papers/205','127.0.0.1','内网IP','[205]','{\"msg\":\"操作成功\",\"code\":200}',0,NULL,'2025-05-26 17:41:44',20),(145,'论文管理',3,'com.ruoyi.papers.controller.PapersController.remove()','DELETE',1,'admin','研发部门','/papers/papers/206','127.0.0.1','内网IP','[206]','{\"msg\":\"操作成功\",\"code\":200}',0,NULL,'2025-05-26 17:41:45',7),(146,'论文管理',3,'com.ruoyi.papers.controller.PapersController.remove()','DELETE',1,'admin','研发部门','/papers/papers/209','127.0.0.1','内网IP','[209]','{\"msg\":\"操作成功\",\"code\":200}',0,NULL,'2025-05-26 17:41:47',7),(147,'参考文献',3,'com.ruoyi.literatures.controller.LiteraturesController.remove()','DELETE',1,'admin','研发部门','/literatures/literatures/200','127.0.0.1','内网IP','[200]','{\"msg\":\"操作成功\",\"code\":200}',0,NULL,'2025-05-26 17:41:53',8),(148,'参考文献',3,'com.ruoyi.literatures.controller.LiteraturesController.remove()','DELETE',1,'admin','研发部门','/literatures/literatures/201','127.0.0.1','内网IP','[201]','{\"msg\":\"操作成功\",\"code\":200}',0,NULL,'2025-05-26 17:41:55',20),(149,'我的论文',1,'com.ruoyi.paperspublish.controller.PaperspublishController.add()','POST',1,'admin','研发部门','/paperspublish/paperspublish','127.0.0.1','内网IP','{\"author\":\"1\",\"children\":[],\"fileRoad\":\"/profile/upload/2025/05/26/zhineng_20250526174212A001.doc\",\"journal\":\"1\",\"keywords\":\"11\",\"papersId\":210,\"papersName\":\"1\",\"params\":{},\"parentId\":0,\"userId\":1}','{\"msg\":\"操作成功\",\"code\":200}',0,NULL,'2025-05-26 17:42:13',25),(150,'参考文献',1,'com.ruoyi.literatures.controller.LiteraturesController.add()','POST',1,'admin','研发部门','/literatures/literatures','127.0.0.1','内网IP','{\"author\":\"1\",\"children\":[],\"fileRoad\":\"/profile/upload/2025/05/26/zhineng_20250526174236A002.doc\",\"journal\":\"1\",\"keywords\":\"1\",\"literaturesCategory\":\"1\",\"literaturesId\":202,\"literaturesName\":\"1\",\"params\":{},\"parentId\":0,\"userId\":1}','{\"msg\":\"操作成功\",\"code\":200}',0,NULL,'2025-05-26 17:42:38',18),(151,'论文管理',5,'com.ruoyi.papers.controller.PapersController.export()','POST',1,'admin','研发部门','/papers/papers/export','127.0.0.1','内网IP','{\"_object[form]\":\"[object Object]\",\"_object[queryParams]\":\"[object Object]\",\"_key\":\"queryParams\",\"__v_isRef\":\"true\",\"_object[rules]\":\"[object Object]\"}',NULL,0,NULL,'2025-05-26 18:22:36',3911),(152,'论文管理',5,'com.ruoyi.papers.controller.PapersController.export()','POST',1,'admin','研发部门','/papers/papers/export','127.0.0.1','内网IP','{\"_object[form]\":\"[object Object]\",\"_object[queryParams]\":\"[object Object]\",\"_key\":\"queryParams\",\"__v_isRef\":\"true\",\"_object[rules]\":\"[object Object]\"}',NULL,0,NULL,'2025-05-26 18:25:04',2275),(153,'论文管理',5,'com.ruoyi.papers.controller.PapersController.export()','POST',1,'admin','研发部门','/papers/papers/export','127.0.0.1','内网IP','{\"_object[form]\":\"[object Object]\",\"_object[queryParams]\":\"[object Object]\",\"_key\":\"queryParams\",\"__v_isRef\":\"true\",\"_object[rules]\":\"[object Object]\"}',NULL,0,NULL,'2025-05-26 18:31:34',3716),(154,'论文管理',5,'com.ruoyi.papers.controller.PapersController.export()','POST',1,'admin','研发部门','/papers/papers/export','127.0.0.1','内网IP','{\"_object[form]\":\"[object Object]\",\"_object[queryParams]\":\"[object Object]\",\"_key\":\"queryParams\",\"__v_isRef\":\"true\",\"_object[rules]\":\"[object Object]\"}',NULL,0,NULL,'2025-05-26 18:34:01',57),(155,'参考文献',5,'com.ruoyi.literatures.controller.LiteraturesController.export()','POST',1,'admin','研发部门','/literatures/literatures/export','127.0.0.1','内网IP','{\"_object[form]\":\"[object Object]\",\"_object[queryParams]\":\"[object Object]\",\"_key\":\"queryParams\",\"__v_isRef\":\"true\",\"_object[rules]\":\"[object Object]\"}',NULL,0,NULL,'2025-05-26 18:34:09',57),(156,'论文查询',5,'com.ruoyi.papersfound.controller.PapersfoundController.export()','POST',1,'admin','研发部门','/papersfound/papersfound/export','127.0.0.1','内网IP','{\"_object[queryParams]\":\"[object Object]\",\"_key\":\"queryParams\",\"__v_isRef\":\"true\"}',NULL,0,NULL,'2025-05-26 18:36:57',43),(157,'论文查询',5,'com.ruoyi.papersfound.controller.PapersfoundController.export()','POST',1,'admin','研发部门','/papersfound/papersfound/export','127.0.0.1','内网IP','{\"_object[queryParams]\":\"[object Object]\",\"_key\":\"queryParams\",\"__v_isRef\":\"true\"}',NULL,0,NULL,'2025-05-26 18:37:07',35),(158,'我的论文',5,'com.ruoyi.paperspublish.controller.PaperspublishController.export()','POST',1,'admin','研发部门','/paperspublish/paperspublish/export','127.0.0.1','内网IP','{\"_object[form]\":\"[object Object]\",\"_object[queryParams]\":\"[object Object]\",\"_key\":\"queryParams\",\"__v_isRef\":\"true\",\"_object[rules]\":\"[object Object]\"}',NULL,0,NULL,'2025-05-26 18:38:56',42),(159,'论文管理',3,'com.ruoyi.papers.controller.PapersController.remove()','DELETE',1,'admin','研发部门','/papers/papers/210','127.0.0.1','内网IP','[210]','{\"msg\":\"操作成功\",\"code\":200}',0,NULL,'2025-05-26 19:16:56',46),(160,'参考文献',3,'com.ruoyi.literatures.controller.LiteraturesController.remove()','DELETE',1,'admin','研发部门','/literatures/literatures/202','127.0.0.1','内网IP','[202]','{\"msg\":\"操作成功\",\"code\":200}',0,NULL,'2025-05-26 19:17:02',7),(161,'论文管理',1,'com.ruoyi.papers.controller.PapersController.add()','POST',1,'admin','研发部门','/papers/papers','127.0.0.1','内网IP','{\"author\":\"1\",\"children\":[],\"journal\":\"1\",\"keywords\":\"1\",\"papersCategory\":\"1\",\"papersId\":211,\"papersName\":\"1\",\"params\":{},\"parentId\":0}','{\"msg\":\"操作成功\",\"code\":200}',0,NULL,'2025-05-26 19:17:27',37),(162,'论文管理',3,'com.ruoyi.papers.controller.PapersController.remove()','DELETE',1,'admin','研发部门','/papers/papers/211','127.0.0.1','内网IP','[211]','{\"msg\":\"操作成功\",\"code\":200}',0,NULL,'2025-05-26 19:17:32',8),(163,'论文管理',1,'com.ruoyi.papers.controller.PapersController.add()','POST',1,'admin','研发部门','/papers/papers','127.0.0.1','内网IP','{\"author\":\" \",\"children\":[],\"fileName\":\" \",\"journal\":\" \",\"keywords\":\" \",\"papersCategory\":\"1\",\"papersId\":212,\"papersName\":\" \",\"params\":{},\"parentId\":0}','{\"msg\":\"操作成功\",\"code\":200}',0,NULL,'2025-05-26 19:17:39',9),(164,'论文管理',1,'com.ruoyi.papers.controller.PapersController.add()','POST',1,'admin','研发部门','/papers/papers','127.0.0.1','内网IP','{\"author\":\"2\",\"children\":[],\"fileName\":\"2\",\"journal\":\"2\",\"keywords\":\"2\",\"papersCategory\":\"2\",\"papersId\":213,\"papersName\":\"2\",\"params\":{},\"parentId\":212}','{\"msg\":\"操作成功\",\"code\":200}',0,NULL,'2025-05-26 19:18:09',22),(165,'我的论文',1,'com.ruoyi.paperspublish.controller.PaperspublishController.add()','POST',1,'123',NULL,'/paperspublish/paperspublish','127.0.0.1','内网IP','{\"author\":\" \",\"children\":[],\"fileName\":\" \",\"journal\":\" \",\"keywords\":\" \",\"papersCategory\":\"1\",\"papersId\":214,\"papersName\":\" \",\"params\":{},\"parentId\":0,\"userId\":100}','{\"msg\":\"操作成功\",\"code\":200}',0,NULL,'2025-05-26 19:19:09',30),(166,'我的论文',1,'com.ruoyi.paperspublish.controller.PaperspublishController.add()','POST',1,'123',NULL,'/paperspublish/paperspublish','127.0.0.1','内网IP','{\"author\":\"3\",\"children\":[],\"journal\":\"3\",\"keywords\":\"3\",\"papersCategory\":\"3\",\"papersId\":215,\"papersName\":\"3\",\"params\":{},\"parentId\":214,\"userId\":100}','{\"msg\":\"操作成功\",\"code\":200}',0,NULL,'2025-05-26 19:19:42',20),(167,'论文查询',5,'com.ruoyi.papersfound.controller.PapersfoundController.export()','POST',1,'123',NULL,'/papersfound/papersfound/export','127.0.0.1','内网IP','{\"_object[queryParams]\":\"[object Object]\",\"_key\":\"queryParams\",\"__v_isRef\":\"true\"}',NULL,0,NULL,'2025-05-26 19:21:22',2080),(168,'论文查询',5,'com.ruoyi.papersfound.controller.PapersfoundController.export()','POST',1,'admin','研发部门','/papersfound/papersfound/export','127.0.0.1','内网IP','{\"_object[queryParams]\":\"[object Object]\",\"_key\":\"queryParams\",\"__v_isRef\":\"true\"}',NULL,0,NULL,'2025-05-26 19:25:55',39),(169,'论文查询',1,'com.ruoyi.papersfound.controller.PapersfoundController.add()','POST',1,'admin','研发部门','/papersfound/papersfound','127.0.0.1','内网IP','{\"children\":[],\"papersId\":216,\"params\":{},\"parentId\":0}','{\"msg\":\"操作成功\",\"code\":200}',0,NULL,'2025-05-26 19:28:49',31),(170,'论文查询',5,'com.ruoyi.papersfound.controller.PapersfoundController.export()','POST',1,'admin','研发部门','/papersfound/papersfound/export','127.0.0.1','内网IP','{\"_object[form]\":\"[object Object]\",\"_object[queryParams]\":\"[object Object]\",\"_key\":\"queryParams\",\"__v_isRef\":\"true\",\"_object[rules]\":\"[object Object]\"}',NULL,0,NULL,'2025-05-26 19:36:22',21),(171,'论文管理',1,'com.ruoyi.papers.controller.PapersController.add()','POST',1,'admin','研发部门','/papers/papers','127.0.0.1','内网IP','{\"author\":\"1\",\"children\":[],\"fileRoad\":\"/profile/upload/2025/05/26/zhineng_20250526194034A001.doc\",\"journal\":\"1\",\"keywords\":\"1\",\"papersId\":217,\"papersName\":\"1\",\"params\":{},\"parentId\":0}','{\"msg\":\"操作成功\",\"code\":200}',0,NULL,'2025-05-26 19:40:36',6),(172,'参考文献',1,'com.ruoyi.literatures.controller.LiteraturesController.add()','POST',1,'admin','研发部门','/literatures/literatures','127.0.0.1','内网IP','{\"author\":\" \",\"children\":[],\"journal\":\" \",\"keywords\":\" \",\"literaturesCategory\":\"1\",\"literaturesId\":203,\"literaturesName\":\" \",\"params\":{},\"parentId\":0,\"userId\":1}','{\"msg\":\"操作成功\",\"code\":200}',0,NULL,'2025-05-26 19:42:52',23),(173,'论文管理',3,'com.ruoyi.papers.controller.PapersController.remove()','DELETE',1,'admin','研发部门','/papers/papers/212','127.0.0.1','内网IP','[212]','{\"msg\":\"操作成功\",\"code\":200}',0,NULL,'2025-05-26 19:43:12',4),(174,'菜单管理',2,'com.ruoyi.web.controller.system.SysMenuController.edit()','PUT',1,'admin','研发部门','/system/menu','127.0.0.1','内网IP','{\"children\":[],\"component\":\"papers/index\",\"createTime\":\"2025-05-25 18:19:47\",\"icon\":\"#\",\"isCache\":\"0\",\"isFrame\":\"1\",\"menuId\":2000,\"menuName\":\"论文管理\",\"menuType\":\"C\",\"orderNum\":1,\"params\":{},\"parentId\":0,\"path\":\"papers\",\"perms\":\"papers:papers:list\",\"routeName\":\"\",\"status\":\"0\",\"updateBy\":\"admin\",\"visible\":\"0\"}','{\"msg\":\"操作成功\",\"code\":200}',0,NULL,'2025-05-26 19:44:33',18),(175,'菜单管理',2,'com.ruoyi.web.controller.system.SysMenuController.edit()','PUT',1,'admin','研发部门','/system/menu','127.0.0.1','内网IP','{\"children\":[],\"component\":\"literatures/index\",\"createTime\":\"2025-05-26 14:36:17\",\"icon\":\"#\",\"isCache\":\"0\",\"isFrame\":\"1\",\"menuId\":2018,\"menuName\":\"参考文献\",\"menuType\":\"C\",\"orderNum\":1,\"params\":{},\"parentId\":0,\"path\":\"literatures\",\"perms\":\"literatures:literatures:list\",\"routeName\":\"\",\"status\":\"0\",\"updateBy\":\"admin\",\"visible\":\"0\"}','{\"msg\":\"操作成功\",\"code\":200}',0,NULL,'2025-05-26 19:44:41',21),(176,'菜单管理',2,'com.ruoyi.web.controller.system.SysMenuController.edit()','PUT',1,'admin','研发部门','/system/menu','127.0.0.1','内网IP','{\"children\":[],\"component\":\"system/user/index\",\"createTime\":\"2025-05-25 17:58:06\",\"icon\":\"user\",\"isCache\":\"0\",\"isFrame\":\"1\",\"menuId\":100,\"menuName\":\"用户管理\",\"menuType\":\"C\",\"orderNum\":1,\"params\":{},\"parentId\":0,\"path\":\"user\",\"perms\":\"system:user:list\",\"query\":\"\",\"routeName\":\"\",\"status\":\"0\",\"updateBy\":\"admin\",\"visible\":\"0\"}','{\"msg\":\"操作成功\",\"code\":200}',0,NULL,'2025-05-26 19:45:56',11),(177,'角色管理',1,'com.ruoyi.web.controller.system.SysRoleController.add()','POST',1,'admin','研发部门','/system/role','127.0.0.1','内网IP','{\"admin\":false,\"createBy\":\"admin\",\"deptCheckStrictly\":true,\"deptIds\":[],\"flag\":false,\"menuCheckStrictly\":true,\"menuIds\":[100,1000,1001,1002,1003,1004,1005,1006,2000,2001,2002,2003,2004,2005],\"params\":{},\"roleId\":100,\"roleKey\":\"admintest\",\"roleName\":\"管理员\",\"roleSort\":3,\"status\":\"0\"}','{\"msg\":\"操作成功\",\"code\":200}',0,NULL,'2025-05-26 19:46:56',55),(178,'角色管理',2,'com.ruoyi.web.controller.system.SysRoleController.edit()','PUT',1,'admin','研发部门','/system/role','127.0.0.1','内网IP','{\"admin\":false,\"createTime\":\"2025-05-25 17:58:06\",\"dataScope\":\"5\",\"delFlag\":\"0\",\"deptCheckStrictly\":true,\"flag\":false,\"menuCheckStrictly\":true,\"menuIds\":[2006,2007,2008,2009,2010,2011,2012,2013,2014,2015,2016,2017,2018,2019,2020,2021,2022,2023],\"params\":{},\"remark\":\"普通角色\",\"roleId\":2,\"roleKey\":\"common\",\"roleName\":\"普通角色\",\"roleSort\":2,\"status\":\"0\",\"updateBy\":\"admin\"}','{\"msg\":\"操作成功\",\"code\":200}',0,NULL,'2025-05-26 19:47:10',29),(179,'菜单管理',2,'com.ruoyi.web.controller.system.SysMenuController.edit()','PUT',1,'admin','研发部门','/system/menu','127.0.0.1','内网IP','{\"children\":[],\"component\":\"system/user/index\",\"createTime\":\"2025-05-25 17:58:06\",\"icon\":\"user\",\"isCache\":\"0\",\"isFrame\":\"1\",\"menuId\":100,\"menuName\":\"用户管理\",\"menuType\":\"C\",\"orderNum\":1,\"params\":{},\"parentId\":1,\"path\":\"user\",\"perms\":\"system:user:list\",\"query\":\"\",\"routeName\":\"\",\"status\":\"0\",\"updateBy\":\"admin\",\"visible\":\"0\"}','{\"msg\":\"操作成功\",\"code\":200}',0,NULL,'2025-05-26 19:48:06',18),(180,'菜单管理',2,'com.ruoyi.web.controller.system.SysMenuController.edit()','PUT',1,'admin','研发部门','/system/menu','127.0.0.1','内网IP','{\"children\":[],\"component\":\"papers/index\",\"createTime\":\"2025-05-25 18:19:47\",\"icon\":\"#\",\"isCache\":\"0\",\"isFrame\":\"1\",\"menuId\":2000,\"menuName\":\"论文管理\",\"menuType\":\"C\",\"orderNum\":1,\"params\":{},\"parentId\":1,\"path\":\"papers\",\"perms\":\"papers:papers:list\",\"routeName\":\"\",\"status\":\"0\",\"updateBy\":\"admin\",\"visible\":\"0\"}','{\"msg\":\"操作成功\",\"code\":200}',0,NULL,'2025-05-26 19:48:40',20),(181,'角色管理',5,'com.ruoyi.web.controller.system.SysRoleController.export()','POST',1,'admin','研发部门','/system/role/export','127.0.0.1','内网IP','{\"pageSize\":\"10\",\"pageNum\":\"1\"}',NULL,0,NULL,'2025-05-26 19:48:54',33),(182,'角色管理',2,'com.ruoyi.web.controller.system.SysRoleController.edit()','PUT',1,'admin','研发部门','/system/role','127.0.0.1','内网IP','{\"admin\":false,\"createTime\":\"2025-05-26 19:46:56\",\"dataScope\":\"1\",\"delFlag\":\"0\",\"deptCheckStrictly\":true,\"flag\":false,\"menuCheckStrictly\":true,\"menuIds\":[1,100,1000,1001,1002,1003,1004,1005,1006,2000,2001,2002,2003,2004,2005],\"params\":{},\"roleId\":100,\"roleKey\":\"admintest\",\"roleName\":\"管理员\",\"roleSort\":3,\"status\":\"0\",\"updateBy\":\"admin\"}','{\"msg\":\"操作成功\",\"code\":200}',0,NULL,'2025-05-26 19:49:17',28),(183,'角色管理',2,'com.ruoyi.web.controller.system.SysRoleController.edit()','PUT',1,'admin','研发部门','/system/role','127.0.0.1','内网IP','{\"admin\":false,\"createTime\":\"2025-05-25 17:58:06\",\"dataScope\":\"5\",\"delFlag\":\"0\",\"deptCheckStrictly\":true,\"flag\":false,\"menuCheckStrictly\":true,\"menuIds\":[2006,2007,2008,2009,2010,2011,2012,2013,2014,2015,2016,2017,2018,2019,2020,2021,2022,2023],\"params\":{},\"remark\":\"普通角色\",\"roleId\":2,\"roleKey\":\"common\",\"roleName\":\"普通角色\",\"roleSort\":2,\"status\":\"0\",\"updateBy\":\"admin\"}','{\"msg\":\"操作成功\",\"code\":200}',0,NULL,'2025-05-26 19:49:28',13),(184,'角色管理',2,'com.ruoyi.web.controller.system.SysRoleController.dataScope()','PUT',1,'admin','研发部门','/system/role/dataScope','127.0.0.1','内网IP','{\"admin\":false,\"createTime\":\"2025-05-26 19:46:56\",\"dataScope\":\"1\",\"delFlag\":\"0\",\"deptCheckStrictly\":true,\"deptIds\":[],\"flag\":false,\"menuCheckStrictly\":true,\"params\":{},\"roleId\":100,\"roleKey\":\"admintest\",\"roleName\":\"管理员\",\"roleSort\":3,\"status\":\"0\"}','{\"msg\":\"操作成功\",\"code\":200}',0,NULL,'2025-05-26 19:49:34',20),(185,'角色管理',2,'com.ruoyi.web.controller.system.SysRoleController.dataScope()','PUT',1,'admin','研发部门','/system/role/dataScope','127.0.0.1','内网IP','{\"admin\":false,\"createTime\":\"2025-05-25 17:58:06\",\"dataScope\":\"5\",\"delFlag\":\"0\",\"deptCheckStrictly\":true,\"deptIds\":[],\"flag\":false,\"menuCheckStrictly\":true,\"params\":{},\"remark\":\"普通角色\",\"roleId\":2,\"roleKey\":\"common\",\"roleName\":\"普通角色\",\"roleSort\":2,\"status\":\"0\"}','{\"msg\":\"操作成功\",\"code\":200}',0,NULL,'2025-05-26 19:49:36',19),(186,'用户管理',1,'com.ruoyi.web.controller.system.SysUserController.add()','POST',1,'admin','研发部门','/system/user','127.0.0.1','内网IP','{\"admin\":false,\"createBy\":\"admin\",\"email\":\"158456789@qq.com\",\"nickName\":\"管理员\",\"params\":{},\"phonenumber\":\"15845674567\",\"postIds\":[],\"roleIds\":[100],\"sex\":\"0\",\"status\":\"0\",\"userId\":102,\"userName\":\"admintest\"}','{\"msg\":\"操作成功\",\"code\":200}',0,NULL,'2025-05-26 19:51:55',78),(187,'用户管理',3,'com.ruoyi.web.controller.system.SysUserController.remove()','DELETE',1,'admin','研发部门','/system/user/100','127.0.0.1','内网IP','[100]','{\"msg\":\"操作成功\",\"code\":200}',0,NULL,'2025-05-26 19:52:10',7),(188,'用户管理',3,'com.ruoyi.web.controller.system.SysUserController.remove()','DELETE',1,'admin','研发部门','/system/user/101','127.0.0.1','内网IP','[101]','{\"msg\":\"操作成功\",\"code\":200}',0,NULL,'2025-05-26 19:52:13',21),(189,'用户管理',3,'com.ruoyi.web.controller.system.SysUserController.remove()','DELETE',1,'admin','研发部门','/system/user/2','127.0.0.1','内网IP','[2]','{\"msg\":\"操作成功\",\"code\":200}',0,NULL,'2025-05-26 19:52:19',8),(190,'用户管理',1,'com.ruoyi.web.controller.system.SysUserController.add()','POST',1,'admin','研发部门','/system/user','127.0.0.1','内网IP','{\"admin\":false,\"createBy\":\"admin\",\"email\":\"15856785678@qq.com\",\"nickName\":\"xiaoming\",\"params\":{},\"phonenumber\":\"15856785678\",\"postIds\":[],\"roleIds\":[2],\"sex\":\"0\",\"status\":\"0\",\"userId\":103,\"userName\":\"xiaoming\"}','{\"msg\":\"操作成功\",\"code\":200}',0,NULL,'2025-05-26 19:53:29',87),(191,'用户管理',1,'com.ruoyi.web.controller.system.SysUserController.add()','POST',1,'admin','研发部门','/system/user','127.0.0.1','内网IP','{\"admin\":false,\"createBy\":\"admin\",\"email\":\"15867896789@qq.com\",\"nickName\":\"xiaohong\",\"params\":{},\"phonenumber\":\"15867896789\",\"postIds\":[],\"roleIds\":[2],\"sex\":\"1\",\"status\":\"0\",\"userId\":104,\"userName\":\"xiaohong\"}','{\"msg\":\"操作成功\",\"code\":200}',0,NULL,'2025-05-26 19:54:36',89),(192,'角色管理',2,'com.ruoyi.web.controller.system.SysRoleController.edit()','PUT',1,'admin','研发部门','/system/role','127.0.0.1','内网IP','{\"admin\":false,\"createTime\":\"2025-05-25 17:58:06\",\"dataScope\":\"5\",\"delFlag\":\"0\",\"deptCheckStrictly\":true,\"flag\":false,\"menuCheckStrictly\":true,\"menuIds\":[2006,2007,2008,2009,2010,2011,2012,2013,2014,2015,2016,2017,2018,2019,2020,2021,2022,2023],\"params\":{},\"remark\":\"普通角色\",\"roleId\":2,\"roleKey\":\"common\",\"roleName\":\"普通角色\",\"roleSort\":2,\"status\":\"0\",\"updateBy\":\"admin\"}','{\"msg\":\"操作成功\",\"code\":200}',0,NULL,'2025-05-26 20:00:33',19),(193,'角色管理',2,'com.ruoyi.web.controller.system.SysRoleController.dataScope()','PUT',1,'admin','研发部门','/system/role/dataScope','127.0.0.1','内网IP','{\"admin\":false,\"createTime\":\"2025-05-25 17:58:06\",\"dataScope\":\"1\",\"delFlag\":\"0\",\"deptCheckStrictly\":true,\"deptIds\":[],\"flag\":false,\"menuCheckStrictly\":true,\"params\":{},\"remark\":\"普通角色\",\"roleId\":2,\"roleKey\":\"common\",\"roleName\":\"普通角色\",\"roleSort\":2,\"status\":\"0\"}','{\"msg\":\"操作成功\",\"code\":200}',0,NULL,'2025-05-26 20:04:12',7),(194,'代码生成',2,'com.ruoyi.generator.controller.GenController.editSave()','PUT',1,'admin','研发部门','/tool/gen','127.0.0.1','内网IP','{\"businessName\":\"papersfound\",\"className\":\"Papersfound\",\"columns\":[{\"capJavaField\":\"PapersId\",\"columnComment\":\"论文id\",\"columnId\":15,\"columnName\":\"papers_id\",\"columnType\":\"bigint\",\"createBy\":\"admin\",\"createTime\":\"2025-05-25 18:14:41\",\"dictType\":\"\",\"edit\":false,\"htmlType\":\"input\",\"increment\":true,\"insert\":true,\"isIncrement\":\"1\",\"isInsert\":\"1\",\"isPk\":\"1\",\"isRequired\":\"0\",\"javaField\":\"papersId\",\"javaType\":\"Long\",\"list\":false,\"params\":{},\"pk\":true,\"query\":false,\"queryType\":\"EQ\",\"required\":false,\"sort\":1,\"superColumn\":false,\"tableId\":2,\"updateBy\":\"\",\"updateTime\":\"2025-05-25 21:45:29\",\"usableColumn\":false},{\"capJavaField\":\"ParentId\",\"columnComment\":\"父论文id\",\"columnId\":16,\"columnName\":\"parent_id\",\"columnType\":\"bigint\",\"createBy\":\"admin\",\"createTime\":\"2025-05-25 18:14:41\",\"dictType\":\"\",\"edit\":false,\"htmlType\":\"input\",\"increment\":false,\"insert\":true,\"isEdit\":\"0\",\"isIncrement\":\"0\",\"isInsert\":\"1\",\"isList\":\"0\",\"isPk\":\"0\",\"isQuery\":\"0\",\"isRequired\":\"0\",\"javaField\":\"parentId\",\"javaType\":\"Long\",\"list\":false,\"params\":{},\"pk\":false,\"query\":false,\"queryType\":\"EQ\",\"required\":false,\"sort\":2,\"superColumn\":true,\"tableId\":2,\"updateBy\":\"\",\"updateTime\":\"2025-05-25 21:45:29\",\"usableColumn\":true},{\"capJavaField\":\"Ancestors\",\"columnComment\":\"祖级列表\",\"columnId\":17,\"columnName\":\"ancestors\",\"columnType\":\"varchar(50)\",\"createBy\":\"admin\",\"createTime\":\"2025-05-25 18:14:41\",\"dictType\":\"\",\"edit\":false,\"htmlType\":\"input\",\"increment\":false,\"insert\":true,\"isEdit\":\"0\",\"isIncrement\":\"0\",\"isInsert\":\"1\",\"isList\":\"0\",\"isPk\":\"0\",\"isQuery\":\"0\",\"isRequired\":\"0\",\"javaField\":\"ancestors\",\"javaType\":\"String\",\"list\":false,\"params\":{},\"pk\":false,\"query\":false,\"queryType\":\"EQ\",\"required\":false,\"sort\":3,\"superColumn\":true,\"tableId\":2,\"updateBy\":\"\",\"updateTime\":\"2025-05-25 21:45:29\",\"usableColumn\":false},{\"capJavaField\":\"PapersCategory\",\"columnComment\":\"论文分类\",\"columnId\":18,\"columnName\":\"papers_category\",\"columnType\":\"varchar(255)\",\"createBy\":\"admin\",\"createTime\":\"2025-05-25 18:14:41\",\"dictType\":\"\",\"edit\":true,\"htmlType\":\"inpu','{\"msg\":\"操作成功\",\"code\":200}',0,NULL,'2025-05-26 20:10:10',39),(195,'代码生成',8,'com.ruoyi.generator.controller.GenController.batchGenCode()','GET',1,'admin','研发部门','/tool/gen/batchGenCode','127.0.0.1','内网IP','{\"tables\":\"papers\"}',NULL,0,NULL,'2025-05-26 20:10:13',480),(196,'角色管理',2,'com.ruoyi.web.controller.system.SysRoleController.dataScope()','PUT',1,'admin','研发部门','/system/role/dataScope','127.0.0.1','内网IP','{\"admin\":false,\"createTime\":\"2025-05-25 17:58:06\",\"dataScope\":\"5\",\"delFlag\":\"0\",\"deptCheckStrictly\":true,\"deptIds\":[],\"flag\":false,\"menuCheckStrictly\":true,\"params\":{},\"remark\":\"普通角色\",\"roleId\":2,\"roleKey\":\"common\",\"roleName\":\"普通角色\",\"roleSort\":2,\"status\":\"0\"}','{\"msg\":\"操作成功\",\"code\":200}',0,NULL,'2025-05-26 20:11:34',22),(197,'论文查询',5,'com.ruoyi.papersfound.controller.PapersfoundController.export()','POST',1,'admin','研发部门','/papersfound/papersfound/export','127.0.0.1','内网IP','{\"_object[form]\":\"[object Object]\",\"_object[queryParams]\":\"[object Object]\",\"_key\":\"queryParams\",\"__v_isRef\":\"true\",\"_object[rules]\":\"[object Object]\"}',NULL,0,NULL,'2025-05-26 20:18:14',17),(198,'菜单管理',2,'com.ruoyi.web.controller.system.SysMenuController.edit()','PUT',1,'admin','研发部门','/system/menu','127.0.0.1','内网IP','{\"children\":[],\"component\":\"papers/index\",\"createTime\":\"2025-05-25 18:19:47\",\"icon\":\"dict\",\"isCache\":\"0\",\"isFrame\":\"1\",\"menuId\":2000,\"menuName\":\"论文管理\",\"menuType\":\"C\",\"orderNum\":1,\"params\":{},\"parentId\":1,\"path\":\"papers\",\"perms\":\"papers:papers:list\",\"routeName\":\"\",\"status\":\"0\",\"updateBy\":\"admin\",\"visible\":\"0\"}','{\"msg\":\"操作成功\",\"code\":200}',0,NULL,'2025-05-26 20:20:48',19),(199,'菜单管理',2,'com.ruoyi.web.controller.system.SysMenuController.edit()','PUT',1,'admin','研发部门','/system/menu','127.0.0.1','内网IP','{\"children\":[],\"component\":\"papersfound/index\",\"createTime\":\"2025-05-25 21:47:03\",\"icon\":\"search\",\"isCache\":\"0\",\"isFrame\":\"1\",\"menuId\":2012,\"menuName\":\"论文查询\",\"menuType\":\"C\",\"orderNum\":1,\"params\":{},\"parentId\":0,\"path\":\"papersfound\",\"perms\":\"papersfound:papersfound:list\",\"routeName\":\"\",\"status\":\"0\",\"updateBy\":\"admin\",\"visible\":\"0\"}','{\"msg\":\"操作成功\",\"code\":200}',0,NULL,'2025-05-26 20:22:00',7),(200,'菜单管理',2,'com.ruoyi.web.controller.system.SysMenuController.edit()','PUT',1,'admin','研发部门','/system/menu','127.0.0.1','内网IP','{\"children\":[],\"component\":\"paperspublish/index\",\"createTime\":\"2025-05-25 18:26:53\",\"icon\":\"documentation\",\"isCache\":\"0\",\"isFrame\":\"1\",\"menuId\":2006,\"menuName\":\"我的论文\",\"menuType\":\"C\",\"orderNum\":1,\"params\":{},\"parentId\":0,\"path\":\"paperspublish\",\"perms\":\"paperspublish:paperspublish:list\",\"routeName\":\"\",\"status\":\"0\",\"updateBy\":\"admin\",\"visible\":\"0\"}','{\"msg\":\"操作成功\",\"code\":200}',0,NULL,'2025-05-26 20:22:16',17),(201,'菜单管理',2,'com.ruoyi.web.controller.system.SysMenuController.edit()','PUT',1,'admin','研发部门','/system/menu','127.0.0.1','内网IP','{\"children\":[],\"component\":\"literatures/index\",\"createTime\":\"2025-05-26 14:36:17\",\"icon\":\"education\",\"isCache\":\"0\",\"isFrame\":\"1\",\"menuId\":2018,\"menuName\":\"参考文献\",\"menuType\":\"C\",\"orderNum\":1,\"params\":{},\"parentId\":0,\"path\":\"literatures\",\"perms\":\"literatures:literatures:list\",\"routeName\":\"\",\"status\":\"0\",\"updateBy\":\"admin\",\"visible\":\"0\"}','{\"msg\":\"操作成功\",\"code\":200}',0,NULL,'2025-05-26 20:22:34',19),(202,'用户管理',2,'com.ruoyi.web.controller.system.SysUserController.edit()','PUT',1,'admintest',NULL,'/system/user','127.0.0.1','内网IP','{\"admin\":false,\"avatar\":\"\",\"createBy\":\"admin\",\"createTime\":\"2025-05-26 19:51:55\",\"delFlag\":\"0\",\"email\":\"158456789@qq.com\",\"loginDate\":\"2025-05-26 21:40:06\",\"loginIp\":\"127.0.0.1\",\"nickName\":\"管理员\",\"params\":{},\"phonenumber\":\"15845674567\",\"postIds\":[],\"remark\":\"1\",\"roleIds\":[100],\"roles\":[{\"admin\":false,\"dataScope\":\"1\",\"deptCheckStrictly\":false,\"flag\":false,\"menuCheckStrictly\":false,\"params\":{},\"roleId\":100,\"roleKey\":\"admintest\",\"roleName\":\"管理员\",\"roleSort\":3,\"status\":\"0\"}],\"sex\":\"0\",\"status\":\"0\",\"updateBy\":\"admintest\",\"userId\":102,\"userName\":\"admintest\"}','{\"msg\":\"操作成功\",\"code\":200}',0,NULL,'2025-05-26 21:40:12',18),(203,'用户管理',2,'com.ruoyi.web.controller.system.SysUserController.edit()','PUT',1,'admintest',NULL,'/system/user','127.0.0.1','内网IP','{\"admin\":false,\"avatar\":\"\",\"createBy\":\"admin\",\"createTime\":\"2025-05-26 19:51:55\",\"delFlag\":\"0\",\"email\":\"158456789@qq.com\",\"loginDate\":\"2025-05-26 21:40:06\",\"loginIp\":\"127.0.0.1\",\"nickName\":\"管理员\",\"params\":{},\"phonenumber\":\"15845674567\",\"postIds\":[],\"remark\":\"\",\"roleIds\":[100],\"roles\":[{\"admin\":false,\"dataScope\":\"1\",\"deptCheckStrictly\":false,\"flag\":false,\"menuCheckStrictly\":false,\"params\":{},\"roleId\":100,\"roleKey\":\"admintest\",\"roleName\":\"管理员\",\"roleSort\":3,\"status\":\"0\"}],\"sex\":\"0\",\"status\":\"0\",\"updateBy\":\"admintest\",\"userId\":102,\"userName\":\"admintest\"}','{\"msg\":\"操作成功\",\"code\":200}',0,NULL,'2025-05-26 21:40:18',21),(204,'论文管理',3,'com.ruoyi.papers.controller.PapersController.remove()','DELETE',1,'admintest',NULL,'/papers/papers/213','127.0.0.1','内网IP','[213]','{\"msg\":\"操作成功\",\"code\":200}',0,NULL,'2025-05-26 22:18:10',6),(205,'论文管理',3,'com.ruoyi.papers.controller.PapersController.remove()','DELETE',1,'admintest',NULL,'/papers/papers/214','127.0.0.1','内网IP','[214]','{\"msg\":\"操作成功\",\"code\":200}',0,NULL,'2025-05-26 22:18:12',20),(206,'论文管理',3,'com.ruoyi.papers.controller.PapersController.remove()','DELETE',1,'admintest',NULL,'/papers/papers/215','127.0.0.1','内网IP','[215]','{\"msg\":\"操作成功\",\"code\":200}',0,NULL,'2025-05-26 22:18:15',18),(207,'论文管理',3,'com.ruoyi.papers.controller.PapersController.remove()','DELETE',1,'admintest',NULL,'/papers/papers/216','127.0.0.1','内网IP','[216]','{\"msg\":\"操作成功\",\"code\":200}',0,NULL,'2025-05-26 22:18:16',19),(208,'论文管理',3,'com.ruoyi.papers.controller.PapersController.remove()','DELETE',1,'admintest',NULL,'/papers/papers/217','127.0.0.1','内网IP','[217]','{\"msg\":\"操作成功\",\"code\":200}',0,NULL,'2025-05-26 22:18:18',4),(209,'参考文献',3,'com.ruoyi.literatures.controller.LiteraturesController.remove()','DELETE',1,'admin','研发部门','/literatures/literatures/203','127.0.0.1','内网IP','[203]','{\"msg\":\"操作成功\",\"code\":200}',0,NULL,'2025-05-27 14:43:43',45),(210,'论文管理',1,'com.ruoyi.papers.controller.PapersController.add()','POST',1,'admintest',NULL,'/papers/papers','127.0.0.1','内网IP','{\"author\":\" \",\"children\":[],\"journal\":\" \",\"keywords\":\" \",\"papersCategory\":\"计算机\",\"papersId\":218,\"papersName\":\" \",\"params\":{},\"parentId\":0}','{\"msg\":\"操作成功\",\"code\":200}',0,NULL,'2025-05-27 14:45:07',14),(211,'论文管理',1,'com.ruoyi.papers.controller.PapersController.add()','POST',1,'admintest',NULL,'/papers/papers','127.0.0.1','内网IP','{\"author\":\" \",\"children\":[],\"journal\":\" \",\"keywords\":\" \",\"papersCategory\":\"理论计算机科学\",\"papersId\":219,\"papersName\":\" \",\"params\":{},\"parentId\":218}','{\"msg\":\"操作成功\",\"code\":200}',0,NULL,'2025-05-27 14:45:34',21),(212,'论文管理',1,'com.ruoyi.papers.controller.PapersController.add()','POST',1,'admintest',NULL,'/papers/papers','127.0.0.1','内网IP','{\"author\":\" \",\"children\":[],\"journal\":\" \",\"keywords\":\" \",\"papersCategory\":\"计算机系统与架构\",\"papersId\":220,\"papersName\":\" \",\"params\":{},\"parentId\":218}','{\"msg\":\"操作成功\",\"code\":200}',0,NULL,'2025-05-27 14:46:00',19),(213,'论文管理',1,'com.ruoyi.papers.controller.PapersController.add()','POST',1,'admintest',NULL,'/papers/papers','127.0.0.1','内网IP','{\"author\":\" \",\"children\":[],\"journal\":\" \",\"keywords\":\" \",\"papersCategory\":\"软件工程与编程技术\",\"papersId\":221,\"papersName\":\" \",\"params\":{},\"parentId\":0}','{\"msg\":\"操作成功\",\"code\":200}',0,NULL,'2025-05-27 14:46:27',19),(214,'论文管理',2,'com.ruoyi.papers.controller.PapersController.edit()','PUT',1,'admintest',NULL,'/papers/papers','127.0.0.1','内网IP','{\"ancestors\":\"\",\"author\":\" \",\"children\":[],\"fileName\":\"\",\"fileRoad\":\"\",\"journal\":\" \",\"keywords\":\" \",\"papersCategory\":\"软件工程与编程技术\",\"papersId\":221,\"papersName\":\" \",\"params\":{},\"parentId\":218}','{\"msg\":\"操作成功\",\"code\":200}',0,NULL,'2025-05-27 14:46:40',19),(215,'论文管理',1,'com.ruoyi.papers.controller.PapersController.add()','POST',1,'admintest',NULL,'/papers/papers','127.0.0.1','内网IP','{\"author\":\" \",\"children\":[],\"journal\":\" \",\"keywords\":\" \",\"papersCategory\":\"算法设计与分析\",\"papersId\":222,\"papersName\":\" \",\"params\":{},\"parentId\":219}','{\"msg\":\"操作成功\",\"code\":200}',0,NULL,'2025-05-27 14:47:25',18),(216,'论文管理',1,'com.ruoyi.papers.controller.PapersController.add()','POST',1,'admintest',NULL,'/papers/papers','127.0.0.1','内网IP','{\"author\":\" \",\"children\":[],\"journal\":\" \",\"keywords\":\" \",\"papersCategory\":\"近似算法\",\"papersId\":223,\"papersName\":\" \",\"params\":{},\"parentId\":222}','{\"msg\":\"操作成功\",\"code\":200}',0,NULL,'2025-05-27 14:48:07',13),(217,'论文管理',1,'com.ruoyi.papers.controller.PapersController.add()','POST',1,'admintest',NULL,'/papers/papers','127.0.0.1','内网IP','{\"author\":\" \",\"children\":[],\"journal\":\" \",\"keywords\":\" \",\"papersCategory\":\"随机化算法\",\"papersId\":224,\"papersName\":\" \",\"params\":{},\"parentId\":222}','{\"msg\":\"操作成功\",\"code\":200}',0,NULL,'2025-05-27 14:48:59',19),(218,'论文管理',1,'com.ruoyi.papers.controller.PapersController.add()','POST',1,'admintest',NULL,'/papers/papers','127.0.0.1','内网IP','{\"author\":\" \",\"children\":[],\"journal\":\" \",\"keywords\":\" \",\"papersCategory\":\"处理器设计\",\"papersId\":225,\"papersName\":\" \",\"params\":{},\"parentId\":220}','{\"msg\":\"操作成功\",\"code\":200}',0,NULL,'2025-05-27 14:49:33',18),(219,'论文管理',1,'com.ruoyi.papers.controller.PapersController.add()','POST',1,'admintest',NULL,'/papers/papers','127.0.0.1','内网IP','{\"author\":\" \",\"children\":[],\"journal\":\" \",\"keywords\":\" \",\"papersCategory\":\"分布式系统\",\"papersId\":226,\"papersName\":\" \",\"params\":{},\"parentId\":220}','{\"msg\":\"操作成功\",\"code\":200}',0,NULL,'2025-05-27 14:50:00',5),(220,'论文管理',1,'com.ruoyi.papers.controller.PapersController.add()','POST',1,'admintest',NULL,'/papers/papers','127.0.0.1','内网IP','{\"author\":\" \",\"children\":[],\"journal\":\" \",\"keywords\":\" \",\"papersCategory\":\"计算复杂性理论\",\"papersId\":227,\"papersName\":\" \",\"params\":{},\"parentId\":219}','{\"msg\":\"操作成功\",\"code\":200}',0,NULL,'2025-05-27 14:50:43',17),(221,'论文管理',1,'com.ruoyi.papers.controller.PapersController.add()','POST',1,'admintest',NULL,'/papers/papers','127.0.0.1','内网IP','{\"author\":\" \",\"children\":[],\"journal\":\" \",\"keywords\":\" \",\"papersCategory\":\"参数复杂性\",\"papersId\":228,\"papersName\":\" \",\"params\":{},\"parentId\":227}','{\"msg\":\"操作成功\",\"code\":200}',0,NULL,'2025-05-27 14:51:19',19),(222,'论文管理',1,'com.ruoyi.papers.controller.PapersController.add()','POST',1,'admintest',NULL,'/papers/papers','127.0.0.1','内网IP','{\"author\":\" \",\"children\":[],\"journal\":\" \",\"keywords\":\" \",\"papersCategory\":\"通信复杂性\",\"papersId\":229,\"papersName\":\" \",\"params\":{},\"parentId\":227}','{\"msg\":\"操作成功\",\"code\":200}',0,NULL,'2025-05-27 14:51:49',17),(223,'论文管理',1,'com.ruoyi.papers.controller.PapersController.add()','POST',1,'admintest',NULL,'/papers/papers','127.0.0.1','内网IP','{\"author\":\" \",\"children\":[],\"journal\":\" \",\"keywords\":\" \",\"papersCategory\":\"多核架构\",\"papersId\":230,\"papersName\":\" \",\"params\":{},\"parentId\":225}','{\"msg\":\"操作成功\",\"code\":200}',0,NULL,'2025-05-27 14:52:45',17),(224,'论文管理',1,'com.ruoyi.papers.controller.PapersController.add()','POST',1,'admintest',NULL,'/papers/papers','127.0.0.1','内网IP','{\"author\":\" \",\"children\":[],\"journal\":\" \",\"keywords\":\" \",\"papersCategory\":\"异构计算\",\"papersId\":231,\"papersName\":\" \",\"params\":{},\"parentId\":225}','{\"msg\":\"操作成功\",\"code\":200}',0,NULL,'2025-05-27 14:54:08',18),(225,'论文管理',1,'com.ruoyi.papers.controller.PapersController.add()','POST',1,'admintest',NULL,'/papers/papers','127.0.0.1','内网IP','{\"author\":\" \",\"children\":[],\"journal\":\" \",\"keywords\":\" \",\"papersCategory\":\"C/S架构\",\"papersId\":232,\"papersName\":\" \",\"params\":{},\"parentId\":226}','{\"msg\":\"操作成功\",\"code\":200}',0,NULL,'2025-05-27 14:56:25',20),(226,'论文管理',1,'com.ruoyi.papers.controller.PapersController.add()','POST',1,'admintest',NULL,'/papers/papers','127.0.0.1','内网IP','{\"author\":\" \",\"children\":[],\"journal\":\" \",\"keywords\":\" \",\"papersCategory\":\"P2P架构\",\"papersId\":233,\"papersName\":\" \",\"params\":{},\"parentId\":226}','{\"msg\":\"操作成功\",\"code\":200}',0,NULL,'2025-05-27 14:56:47',17),(227,'论文管理',1,'com.ruoyi.papers.controller.PapersController.add()','POST',1,'admintest',NULL,'/papers/papers','127.0.0.1','内网IP','{\"author\":\" \",\"children\":[],\"journal\":\" \",\"keywords\":\" \",\"papersCategory\":\"软件开发方法学\",\"papersId\":234,\"papersName\":\" \",\"params\":{},\"parentId\":221}','{\"msg\":\"操作成功\",\"code\":200}',0,NULL,'2025-05-27 14:57:41',20),(228,'论文管理',1,'com.ruoyi.papers.controller.PapersController.add()','POST',1,'admintest',NULL,'/papers/papers','127.0.0.1','内网IP','{\"author\":\" \",\"children\":[],\"journal\":\" \",\"keywords\":\" \",\"papersCategory\":\"编程语言理论\",\"papersId\":235,\"papersName\":\" \",\"params\":{},\"parentId\":221}','{\"msg\":\"操作成功\",\"code\":200}',0,NULL,'2025-05-27 14:58:07',19),(229,'论文管理',1,'com.ruoyi.papers.controller.PapersController.add()','POST',1,'admintest',NULL,'/papers/papers','127.0.0.1','内网IP','{\"author\":\" \",\"children\":[],\"journal\":\" \",\"keywords\":\" \",\"papersCategory\":\"模型检测\",\"papersId\":236,\"papersName\":\" \",\"params\":{},\"parentId\":234}','{\"msg\":\"操作成功\",\"code\":200}',0,NULL,'2025-05-27 14:59:25',18),(230,'论文管理',1,'com.ruoyi.papers.controller.PapersController.add()','POST',1,'admintest',NULL,'/papers/papers','127.0.0.1','内网IP','{\"author\":\" \",\"children\":[],\"journal\":\" \",\"keywords\":\" \",\"papersCategory\":\"符号执行\",\"papersId\":237,\"papersName\":\" \",\"params\":{},\"parentId\":234}','{\"msg\":\"操作成功\",\"code\":200}',0,NULL,'2025-05-27 14:59:54',5),(231,'论文管理',1,'com.ruoyi.papers.controller.PapersController.add()','POST',1,'admintest',NULL,'/papers/papers','127.0.0.1','内网IP','{\"author\":\" \",\"children\":[],\"journal\":\" \",\"keywords\":\" \",\"papersCategory\":\"C语言\",\"papersId\":238,\"papersName\":\" \",\"params\":{},\"parentId\":235}','{\"msg\":\"操作成功\",\"code\":200}',0,NULL,'2025-05-27 15:00:53',24),(232,'论文管理',1,'com.ruoyi.papers.controller.PapersController.add()','POST',1,'admintest',NULL,'/papers/papers','127.0.0.1','内网IP','{\"author\":\" \",\"children\":[],\"journal\":\" \",\"keywords\":\" \",\"papersCategory\":\"Java语言\",\"papersId\":239,\"papersName\":\" \",\"params\":{},\"parentId\":238}','{\"msg\":\"操作成功\",\"code\":200}',0,NULL,'2025-05-27 15:01:12',17),(233,'论文管理',2,'com.ruoyi.papers.controller.PapersController.edit()','PUT',1,'admintest',NULL,'/papers/papers','127.0.0.1','内网IP','{\"ancestors\":\"\",\"author\":\" \",\"children\":[],\"fileName\":\"\",\"fileRoad\":\"\",\"journal\":\" \",\"keywords\":\" \",\"papersCategory\":\"Java\",\"papersId\":239,\"papersName\":\" \",\"params\":{},\"parentId\":238}','{\"msg\":\"操作成功\",\"code\":200}',0,NULL,'2025-05-27 15:01:23',19),(234,'论文管理',2,'com.ruoyi.papers.controller.PapersController.edit()','PUT',1,'admintest',NULL,'/papers/papers','127.0.0.1','内网IP','{\"ancestors\":\"\",\"author\":\" \",\"children\":[],\"fileName\":\"\",\"fileRoad\":\"\",\"journal\":\" \",\"keywords\":\" \",\"papersCategory\":\"Java\",\"papersId\":239,\"papersName\":\" \",\"params\":{},\"parentId\":235}','{\"msg\":\"操作成功\",\"code\":200}',0,NULL,'2025-05-27 15:01:35',18),(235,'论文管理',1,'com.ruoyi.papers.controller.PapersController.add()','POST',1,'admintest',NULL,'/papers/papers','127.0.0.1','内网IP','{\"author\":\" \",\"children\":[],\"journal\":\" \",\"keywords\":\" \",\"papersCategory\":\"文学\",\"papersId\":240,\"papersName\":\" \",\"params\":{},\"parentId\":0}','{\"msg\":\"操作成功\",\"code\":200}',0,NULL,'2025-05-27 15:03:19',17),(236,'论文管理',1,'com.ruoyi.papers.controller.PapersController.add()','POST',1,'admintest',NULL,'/papers/papers','127.0.0.1','内网IP','{\"author\":\" \",\"children\":[],\"journal\":\" \",\"keywords\":\" \",\"papersCategory\":\"研究范式\",\"papersId\":241,\"papersName\":\" \",\"params\":{},\"parentId\":240}','{\"msg\":\"操作成功\",\"code\":200}',0,NULL,'2025-05-27 15:05:16',18),(237,'论文管理',1,'com.ruoyi.papers.controller.PapersController.add()','POST',1,'admintest',NULL,'/papers/papers','127.0.0.1','内网IP','{\"author\":\" \",\"children\":[],\"journal\":\" \",\"keywords\":\" \",\"papersCategory\":\"文本形态研究\",\"papersId\":242,\"papersName\":\" \",\"params\":{},\"parentId\":240}','{\"msg\":\"操作成功\",\"code\":200}',0,NULL,'2025-05-27 15:05:57',18),(238,'论文管理',1,'com.ruoyi.papers.controller.PapersController.add()','POST',1,'admintest',NULL,'/papers/papers','127.0.0.1','内网IP','{\"author\":\" \",\"children\":[],\"journal\":\" \",\"keywords\":\" \",\"papersCategory\":\"外部研究\",\"papersId\":243,\"papersName\":\" \",\"params\":{},\"parentId\":241}','{\"msg\":\"操作成功\",\"code\":200}',0,NULL,'2025-05-27 15:06:23',18),(239,'论文管理',1,'com.ruoyi.papers.controller.PapersController.add()','POST',1,'admintest',NULL,'/papers/papers','127.0.0.1','内网IP','{\"author\":\" \",\"children\":[],\"journal\":\" \",\"keywords\":\" \",\"papersCategory\":\"内部研究\",\"papersId\":244,\"papersName\":\" \",\"params\":{},\"parentId\":241}','{\"msg\":\"操作成功\",\"code\":200}',0,NULL,'2025-05-27 15:06:35',4),(240,'论文管理',1,'com.ruoyi.papers.controller.PapersController.add()','POST',1,'admintest',NULL,'/papers/papers','127.0.0.1','内网IP','{\"author\":\" \",\"children\":[],\"journal\":\" \",\"keywords\":\" \",\"papersCategory\":\"社会历史批评\",\"papersId\":245,\"papersName\":\" \",\"params\":{},\"parentId\":243}','{\"msg\":\"操作成功\",\"code\":200}',0,NULL,'2025-05-27 15:08:08',23),(241,'论文管理',1,'com.ruoyi.papers.controller.PapersController.add()','POST',1,'admintest',NULL,'/papers/papers','127.0.0.1','内网IP','{\"author\":\" \",\"children\":[],\"journal\":\" \",\"keywords\":\" \",\"papersCategory\":\"传记与心理研究\",\"papersId\":246,\"papersName\":\" \",\"params\":{},\"parentId\":243}','{\"msg\":\"操作成功\",\"code\":200}',0,NULL,'2025-05-27 15:08:49',4),(242,'论文管理',1,'com.ruoyi.papers.controller.PapersController.add()','POST',1,'admintest',NULL,'/papers/papers','127.0.0.1','内网IP','{\"author\":\" \",\"children\":[],\"journal\":\" \",\"keywords\":\" \",\"papersCategory\":\"语言风格研究\",\"papersId\":247,\"papersName\":\" \",\"params\":{},\"parentId\":244}','{\"msg\":\"操作成功\",\"code\":200}',0,NULL,'2025-05-27 15:09:40',17),(243,'论文管理',1,'com.ruoyi.papers.controller.PapersController.add()','POST',1,'admintest',NULL,'/papers/papers','127.0.0.1','内网IP','{\"author\":\" \",\"children\":[],\"journal\":\" \",\"keywords\":\" \",\"papersCategory\":\"叙事结构解构\",\"papersId\":248,\"papersName\":\" \",\"params\":{},\"parentId\":244}','{\"msg\":\"操作成功\",\"code\":200}',0,NULL,'2025-05-27 15:10:09',19),(244,'论文管理',1,'com.ruoyi.papers.controller.PapersController.add()','POST',1,'admintest',NULL,'/papers/papers','127.0.0.1','内网IP','{\"author\":\" \",\"children\":[],\"journal\":\" \",\"keywords\":\" \",\"papersCategory\":\"文体类型研究\",\"papersId\":249,\"papersName\":\" \",\"params\":{},\"parentId\":242}','{\"msg\":\"操作成功\",\"code\":200}',0,NULL,'2025-05-27 15:11:10',5),(245,'论文管理',1,'com.ruoyi.papers.controller.PapersController.add()','POST',1,'admintest',NULL,'/papers/papers','127.0.0.1','内网IP','{\"author\":\" \",\"children\":[],\"journal\":\" \",\"keywords\":\" \",\"papersCategory\":\"跨文体比较\",\"papersId\":250,\"papersName\":\" \",\"params\":{},\"parentId\":242}','{\"msg\":\"操作成功\",\"code\":200}',0,NULL,'2025-05-27 15:11:29',18),(246,'论文管理',1,'com.ruoyi.papers.controller.PapersController.add()','POST',1,'admintest',NULL,'/papers/papers','127.0.0.1','内网IP','{\"author\":\" \",\"children\":[],\"journal\":\" \",\"keywords\":\" \",\"papersCategory\":\"小说研究\",\"papersId\":251,\"papersName\":\" \",\"params\":{},\"parentId\":249}','{\"msg\":\"操作成功\",\"code\":200}',0,NULL,'2025-05-27 15:11:54',19),(247,'论文管理',1,'com.ruoyi.papers.controller.PapersController.add()','POST',1,'admintest',NULL,'/papers/papers','127.0.0.1','内网IP','{\"author\":\" \",\"children\":[],\"journal\":\" \",\"keywords\":\" \",\"papersCategory\":\"传记研究\",\"papersId\":252,\"papersName\":\" \",\"params\":{},\"parentId\":249}','{\"msg\":\"操作成功\",\"code\":200}',0,NULL,'2025-05-27 15:12:25',23),(248,'论文管理',1,'com.ruoyi.papers.controller.PapersController.add()','POST',1,'admintest',NULL,'/papers/papers','127.0.0.1','内网IP','{\"author\":\" \",\"children\":[],\"journal\":\" \",\"keywords\":\" \",\"papersCategory\":\"散文诗化研究\",\"papersId\":253,\"papersName\":\" \",\"params\":{},\"parentId\":250}','{\"msg\":\"操作成功\",\"code\":200}',0,NULL,'2025-05-27 15:12:55',5),(249,'论文管理',1,'com.ruoyi.papers.controller.PapersController.add()','POST',1,'admintest',NULL,'/papers/papers','127.0.0.1','内网IP','{\"author\":\" \",\"children\":[],\"journal\":\" \",\"keywords\":\" \",\"papersCategory\":\"戏剧化小说\",\"papersId\":254,\"papersName\":\" \",\"params\":{},\"parentId\":250}','{\"msg\":\"操作成功\",\"code\":200}',0,NULL,'2025-05-27 15:14:20',5),(250,'论文管理',2,'com.ruoyi.papers.controller.PapersController.edit()','PUT',1,'admintest',NULL,'/papers/papers','127.0.0.1','内网IP','{\"ancestors\":\"\",\"author\":\" \",\"children\":[],\"fileName\":\"\",\"fileRoad\":\"\",\"journal\":\" \",\"keywords\":\" \",\"papersCategory\":\"文 学\",\"papersId\":240,\"papersName\":\" \",\"params\":{},\"parentId\":0}','{\"msg\":\"操作成功\",\"code\":200}',0,NULL,'2025-05-27 15:15:16',17),(251,'论文管理',2,'com.ruoyi.papers.controller.PapersController.edit()','PUT',1,'admintest',NULL,'/papers/papers','127.0.0.1','内网IP','{\"ancestors\":\"\",\"author\":\" \",\"children\":[],\"fileName\":\"\",\"fileRoad\":\"\",\"journal\":\" \",\"keywords\":\" \",\"papersCategory\":\"文  学\",\"papersId\":240,\"papersName\":\" \",\"params\":{},\"parentId\":0}','{\"msg\":\"操作成功\",\"code\":200}',0,NULL,'2025-05-27 15:15:36',17),(252,'论文管理',2,'com.ruoyi.papers.controller.PapersController.edit()','PUT',1,'admintest',NULL,'/papers/papers','127.0.0.1','内网IP','{\"ancestors\":\"\",\"author\":\" \",\"children\":[],\"fileName\":\"\",\"fileRoad\":\"\",\"journal\":\" \",\"keywords\":\" \",\"papersCategory\":\"文         学\",\"papersId\":240,\"papersName\":\" \",\"params\":{},\"parentId\":0}','{\"msg\":\"操作成功\",\"code\":200}',0,NULL,'2025-05-27 15:15:50',18),(253,'论文管理',2,'com.ruoyi.papers.controller.PapersController.edit()','PUT',1,'admintest',NULL,'/papers/papers','127.0.0.1','内网IP','{\"ancestors\":\"\",\"author\":\" \",\"children\":[],\"fileName\":\"\",\"fileRoad\":\"\",\"journal\":\" \",\"keywords\":\" \",\"papersCategory\":\"文学研究\",\"papersId\":240,\"papersName\":\" \",\"params\":{},\"parentId\":0}','{\"msg\":\"操作成功\",\"code\":200}',0,NULL,'2025-05-27 15:16:12',5),(254,'论文管理',2,'com.ruoyi.papers.controller.PapersController.edit()','PUT',1,'admintest',NULL,'/papers/papers','127.0.0.1','内网IP','{\"ancestors\":\"\",\"author\":\" \",\"children\":[],\"fileName\":\"\",\"fileRoad\":\"\",\"journal\":\" \",\"keywords\":\" \",\"papersCategory\":\"计算机类\",\"papersId\":218,\"papersName\":\" \",\"params\":{},\"parentId\":0}','{\"msg\":\"操作成功\",\"code\":200}',0,NULL,'2025-05-27 15:16:26',19),(255,'论文管理',1,'com.ruoyi.papers.controller.PapersController.add()','POST',1,'admintest',NULL,'/papers/papers','127.0.0.1','内网IP','{\"author\":\" \",\"children\":[],\"journal\":\" \",\"keywords\":\" \",\"papersCategory\":\"设计学类\",\"papersId\":255,\"papersName\":\" \",\"params\":{},\"parentId\":0}','{\"msg\":\"操作成功\",\"code\":200}',0,NULL,'2025-05-27 15:21:03',5),(256,'论文管理',1,'com.ruoyi.papers.controller.PapersController.add()','POST',1,'admintest',NULL,'/papers/papers','127.0.0.1','内网IP','{\"author\":\" \",\"children\":[],\"journal\":\" \",\"keywords\":\" \",\"papersCategory\":\"设计学理论\",\"papersId\":256,\"papersName\":\" \",\"params\":{},\"parentId\":255}','{\"msg\":\"操作成功\",\"code\":200}',0,NULL,'2025-05-27 15:21:39',17),(257,'论文管理',1,'com.ruoyi.papers.controller.PapersController.add()','POST',1,'admintest',NULL,'/papers/papers','127.0.0.1','内网IP','{\"author\":\" \",\"children\":[],\"journal\":\" \",\"keywords\":\" \",\"papersCategory\":\"应用设计研究\",\"papersId\":257,\"papersName\":\" \",\"params\":{},\"parentId\":255}','{\"msg\":\"操作成功\",\"code\":200}',0,NULL,'2025-05-27 15:21:58',18),(258,'论文管理',1,'com.ruoyi.papers.controller.PapersController.add()','POST',1,'admintest',NULL,'/papers/papers','127.0.0.1','内网IP','{\"author\":\" \",\"children\":[],\"journal\":\" \",\"keywords\":\" \",\"papersCategory\":\"设计哲学与美学\",\"papersId\":258,\"papersName\":\" \",\"params\":{},\"parentId\":256}','{\"msg\":\"操作成功\",\"code\":200}',0,NULL,'2025-05-27 15:22:26',18),(259,'论文管理',1,'com.ruoyi.papers.controller.PapersController.add()','POST',1,'admintest',NULL,'/papers/papers','127.0.0.1','内网IP','{\"author\":\" \",\"children\":[],\"journal\":\" \",\"keywords\":\" \",\"papersCategory\":\"设计方法论\",\"papersId\":259,\"papersName\":\" \",\"params\":{},\"parentId\":256}','{\"msg\":\"操作成功\",\"code\":200}',0,NULL,'2025-05-27 15:22:42',18),(260,'论文管理',1,'com.ruoyi.papers.controller.PapersController.add()','POST',1,'admintest',NULL,'/papers/papers','127.0.0.1','内网IP','{\"author\":\" \",\"children\":[],\"journal\":\" \",\"keywords\":\" \",\"papersCategory\":\"设计伦理与社会责任\",\"papersId\":260,\"papersName\":\" \",\"params\":{},\"parentId\":258}','{\"msg\":\"操作成功\",\"code\":200}',0,NULL,'2025-05-27 15:23:00',17),(261,'论文管理',1,'com.ruoyi.papers.controller.PapersController.add()','POST',1,'admintest',NULL,'/papers/papers','127.0.0.1','内网IP','{\"author\":\" \",\"children\":[],\"journal\":\" \",\"keywords\":\" \",\"papersCategory\":\"设计美学原则\",\"papersId\":261,\"papersName\":\" \",\"params\":{},\"parentId\":258}','{\"msg\":\"操作成功\",\"code\":200}',0,NULL,'2025-05-27 15:23:19',4),(262,'论文管理',1,'com.ruoyi.papers.controller.PapersController.add()','POST',1,'admintest',NULL,'/papers/papers','127.0.0.1','内网IP','{\"author\":\" \",\"children\":[],\"journal\":\" \",\"keywords\":\" \",\"papersCategory\":\"设计思维与创新方法\",\"papersId\":262,\"papersName\":\" \",\"params\":{},\"parentId\":259}','{\"msg\":\"操作成功\",\"code\":200}',0,NULL,'2025-05-27 15:23:47',19),(263,'论文管理',1,'com.ruoyi.papers.controller.PapersController.add()','POST',1,'admintest',NULL,'/papers/papers','127.0.0.1','内网IP','{\"author\":\" \",\"children\":[],\"journal\":\" \",\"keywords\":\" \",\"papersCategory\":\"设计研究范式\",\"papersId\":263,\"papersName\":\" \",\"params\":{},\"parentId\":259}','{\"msg\":\"操作成功\",\"code\":200}',0,NULL,'2025-05-27 15:24:43',11),(264,'论文管理',1,'com.ruoyi.papers.controller.PapersController.add()','POST',1,'admintest',NULL,'/papers/papers','127.0.0.1','内网IP','{\"author\":\" \",\"children\":[],\"journal\":\" \",\"keywords\":\" \",\"papersCategory\":\"工业与产品设计\",\"papersId\":264,\"papersName\":\" \",\"params\":{},\"parentId\":257}','{\"msg\":\"操作成功\",\"code\":200}',0,NULL,'2025-05-27 15:25:06',17),(265,'论文管理',1,'com.ruoyi.papers.controller.PapersController.add()','POST',1,'admintest',NULL,'/papers/papers','127.0.0.1','内网IP','{\"author\":\" \",\"children\":[],\"journal\":\" \",\"keywords\":\" \",\"papersCategory\":\"视觉传达设计\",\"papersId\":265,\"papersName\":\" \",\"params\":{},\"parentId\":257}','{\"msg\":\"操作成功\",\"code\":200}',0,NULL,'2025-05-27 15:25:26',4),(266,'论文管理',1,'com.ruoyi.papers.controller.PapersController.add()','POST',1,'admintest',NULL,'/papers/papers','127.0.0.1','内网IP','{\"author\":\" \",\"children\":[],\"journal\":\" \",\"keywords\":\" \",\"papersCategory\":\"可持续产品设计\",\"papersId\":266,\"papersName\":\" \",\"params\":{},\"parentId\":264}','{\"msg\":\"操作成功\",\"code\":200}',0,NULL,'2025-05-27 15:25:45',4),(267,'论文管理',1,'com.ruoyi.papers.controller.PapersController.add()','POST',1,'admintest',NULL,'/papers/papers','127.0.0.1','内网IP','{\"author\":\" \",\"children\":[],\"journal\":\" \",\"keywords\":\" \",\"papersCategory\":\"智能产品设计\",\"papersId\":267,\"papersName\":\" \",\"params\":{},\"parentId\":264}','{\"msg\":\"操作成功\",\"code\":200}',0,NULL,'2025-05-27 15:26:02',5),(268,'论文管理',1,'com.ruoyi.papers.controller.PapersController.add()','POST',1,'admintest',NULL,'/papers/papers','127.0.0.1','内网IP','{\"author\":\" \",\"children\":[],\"journal\":\" \",\"keywords\":\" \",\"papersCategory\":\"数字媒体设计\",\"papersId\":268,\"papersName\":\" \",\"params\":{},\"parentId\":265}','{\"msg\":\"操作成功\",\"code\":200}',0,NULL,'2025-05-27 15:26:27',18),(269,'论文管理',1,'com.ruoyi.papers.controller.PapersController.add()','POST',1,'admintest',NULL,'/papers/papers','127.0.0.1','内网IP','{\"author\":\" \",\"children\":[],\"journal\":\" \",\"keywords\":\" \",\"papersCategory\":\"品牌与传播设计\",\"papersId\":269,\"papersName\":\" \",\"params\":{},\"parentId\":265}','{\"msg\":\"操作成功\",\"code\":200}',0,NULL,'2025-05-27 15:26:45',18),(270,'用户管理',5,'com.ruoyi.web.controller.system.SysUserController.export()','POST',1,'admintest',NULL,'/system/user/export','127.0.0.1','内网IP','{\"pageSize\":\"10\",\"pageNum\":\"1\"}',NULL,0,NULL,'2025-05-27 15:28:03',2228),(271,'用户管理',1,'com.ruoyi.web.controller.system.SysUserController.add()','POST',1,'admintest',NULL,'/system/user','127.0.0.1','内网IP','{\"admin\":false,\"createBy\":\"admintest\",\"email\":\"15812344321@qq.com\",\"nickName\":\"xiaolan\",\"params\":{},\"phonenumber\":\"15812344321\",\"postIds\":[],\"roleIds\":[2],\"sex\":\"0\",\"status\":\"0\",\"userId\":105,\"userName\":\"xiaolan\"}','{\"msg\":\"操作成功\",\"code\":200}',0,NULL,'2025-05-27 15:31:34',272),(272,'用户管理',1,'com.ruoyi.web.controller.system.SysUserController.add()','POST',1,'admintest',NULL,'/system/user','127.0.0.1','内网IP','{\"admin\":false,\"createBy\":\"admintest\",\"email\":\"15834563456@qq.com\",\"nickName\":\"xiaowang\",\"params\":{},\"phonenumber\":\"15834563456\",\"postIds\":[],\"roleIds\":[2],\"sex\":\"0\",\"status\":\"0\",\"userId\":106,\"userName\":\"xiaowang\"}','{\"msg\":\"操作成功\",\"code\":200}',0,NULL,'2025-05-27 15:32:18',136),(273,'用户管理',1,'com.ruoyi.web.controller.system.SysUserController.add()','POST',1,'admintest',NULL,'/system/user','127.0.0.1','内网IP','{\"admin\":false,\"email\":\"15856785678@qq.com\",\"nickName\":\"xiaobai\",\"params\":{},\"phonenumber\":\"15856785678\",\"postIds\":[],\"roleIds\":[2],\"sex\":\"1\",\"status\":\"0\",\"userName\":\"xiaobai\"}','{\"msg\":\"新增用户\'xiaobai\'失败，手机号码已存在\",\"code\":500}',0,NULL,'2025-05-27 15:33:34',9),(274,'用户管理',1,'com.ruoyi.web.controller.system.SysUserController.add()','POST',1,'admintest',NULL,'/system/user','127.0.0.1','内网IP','{\"admin\":false,\"createBy\":\"admintest\",\"email\":\"15856785679@qq.com\",\"nickName\":\"xiaobai\",\"params\":{},\"phonenumber\":\"15856785679\",\"postIds\":[],\"roleIds\":[2],\"sex\":\"1\",\"status\":\"0\",\"userId\":107,\"userName\":\"xiaobai\"}','{\"msg\":\"操作成功\",\"code\":200}',0,NULL,'2025-05-27 15:33:44',145),(275,'用户管理',1,'com.ruoyi.web.controller.system.SysUserController.add()','POST',1,'admintest',NULL,'/system/user','127.0.0.1','内网IP','{\"admin\":false,\"createBy\":\"admintest\",\"email\":\"15876547654@qq.com\",\"nickName\":\"xiaohei\",\"params\":{},\"phonenumber\":\"15876547654\",\"postIds\":[],\"roleIds\":[2],\"sex\":\"0\",\"status\":\"0\",\"userId\":108,\"userName\":\"xiaohei\"}','{\"msg\":\"操作成功\",\"code\":200}',0,NULL,'2025-05-27 15:34:21',145),(276,'论文管理',5,'com.ruoyi.papers.controller.PapersController.export()','POST',1,'admintest',NULL,'/papers/papers/export','127.0.0.1','内网IP','{\"_object[form]\":\"[object Object]\",\"_object[queryParams]\":\"[object Object]\",\"_key\":\"queryParams\",\"__v_isRef\":\"true\",\"_object[rules]\":\"[object Object]\"}',NULL,0,NULL,'2025-05-27 15:48:55',37),(277,'论文查询',1,'com.ruoyi.papersfound.controller.PapersfoundController.add()','POST',1,'xiaoming',NULL,'/papersfound/papersfound','127.0.0.1','内网IP','{\"author\":\"q\",\"children\":[],\"journal\":\"q\",\"keywords\":\"q\",\"papersId\":270,\"papersName\":\"q\",\"params\":{},\"parentId\":0}','{\"msg\":\"操作成功\",\"code\":200}',0,NULL,'2025-05-27 16:21:42',20),(278,'论文管理',3,'com.ruoyi.papers.controller.PapersController.remove()','DELETE',1,'admintest',NULL,'/papers/papers/270','127.0.0.1','内网IP','[270]','{\"msg\":\"操作成功\",\"code\":200}',0,NULL,'2025-05-27 16:26:10',42),(279,'论文查询',1,'com.ruoyi.papersfound.controller.PapersfoundController.add()','POST',1,'xiaoming',NULL,'/papersfound/papersfound','127.0.0.1','内网IP','{\"author\":\"1\",\"children\":[],\"journal\":\"1\",\"keywords\":\"1\",\"papersId\":271,\"papersName\":\"1\",\"params\":{},\"parentId\":0,\"userId\":103}','{\"msg\":\"操作成功\",\"code\":200}',0,NULL,'2025-05-27 16:26:38',28),(280,'我的论文',3,'com.ruoyi.paperspublish.controller.PaperspublishController.remove()','DELETE',1,'xiaoming',NULL,'/paperspublish/paperspublish/271','127.0.0.1','内网IP','[271]','{\"msg\":\"操作成功\",\"code\":200}',0,NULL,'2025-05-27 16:27:02',18),(281,'论文查询',1,'com.ruoyi.papersfound.controller.PapersfoundController.add()','POST',1,'xiaoming',NULL,'/papersfound/papersfound','127.0.0.1','内网IP','{\"author\":\"小明，王磊\",\"children\":[],\"fileName\":\"近似算法1\",\"fileRoad\":\"/profile/upload/2025/05/27/近似算法1_20250527162927A001.doc\",\"journal\":\"一区\",\"keywords\":\"近似算法\",\"papersId\":272,\"papersName\":\"近似算法1\",\"params\":{},\"parentId\":223,\"uploadTime\":\"2025-05-27\",\"userId\":103}','{\"msg\":\"操作成功\",\"code\":200}',0,NULL,'2025-05-27 16:29:35',8),(282,'我的论文',2,'com.ruoyi.paperspublish.controller.PaperspublishController.edit()','PUT',1,'xiaoming',NULL,'/paperspublish/paperspublish','127.0.0.1','内网IP','{\"ancestors\":\"\",\"author\":\"小明，王磊\",\"children\":[],\"fileName\":\"近似算法1\",\"fileRoad\":\"/profile/upload/2025/05/27/近似算法1_20250527162927A001.doc\",\"journal\":\"一区\",\"keywords\":\"近似算法\",\"papersCategory\":\"近似算法\",\"papersId\":272,\"papersName\":\"近似算法1\",\"params\":{},\"parentId\":223,\"uploadTime\":\"2025-05-27\",\"userId\":103}','{\"msg\":\"操作成功\",\"code\":200}',0,NULL,'2025-05-27 16:30:58',19),(283,'参考文献',1,'com.ruoyi.literatures.controller.LiteraturesController.add()','POST',1,'xiaoming',NULL,'/literatures/literatures','127.0.0.1','内网IP','{\"author\":\" \",\"children\":[],\"fileRoad\":\"/profile/upload/2025/05/27/CS架构1_20250527164408A002.doc\",\"journal\":\" \",\"keywords\":\" \",\"literaturesCategory\":\" \",\"literaturesId\":204,\"literaturesName\":\" \",\"params\":{},\"parentId\":0,\"userId\":103}','{\"msg\":\"操作成功\",\"code\":200}',0,NULL,'2025-05-27 16:44:09',10),(284,'论文查询',1,'com.ruoyi.papersfound.controller.PapersfoundController.add()','POST',1,'xiaoming',NULL,'/papersfound/papersfound','127.0.0.1','内网IP','{\"author\":\"小明，牛天\",\"children\":[],\"fileName\":\"随机化算法1\",\"fileRoad\":\"/profile/upload/2025/05/27/随机化算法1_20250527165420A003.doc\",\"journal\":\"二区\",\"keywords\":\"随机化算法\",\"papersCategory\":\"随机化算法\",\"papersId\":273,\"papersName\":\"随机化算法1\",\"params\":{},\"parentId\":224,\"uploadTime\":\"2025-05-27\",\"userId\":103}','{\"msg\":\"操作成功\",\"code\":200}',0,NULL,'2025-05-27 16:54:23',8),(285,'论文查询',1,'com.ruoyi.papersfound.controller.PapersfoundController.add()','POST',1,'xiaoming',NULL,'/papersfound/papersfound','127.0.0.1','内网IP','{\"author\":\"小明，王磊\",\"children\":[],\"fileName\":\"参数复杂性1\",\"fileRoad\":\"/profile/upload/2025/05/27/随机化算法1_20250527165620A004.doc\",\"journal\":\"三区\",\"keywords\":\"参数复杂性\",\"papersCategory\":\"参数复杂性\",\"papersId\":274,\"papersName\":\"参数复杂性1\",\"params\":{},\"parentId\":228,\"uploadTime\":\"2025-05-27\",\"userId\":103}','{\"msg\":\"操作成功\",\"code\":200}',0,NULL,'2025-05-27 16:56:25',20),(286,'论文查询',1,'com.ruoyi.papersfound.controller.PapersfoundController.add()','POST',1,'xiaoming',NULL,'/papersfound/papersfound','127.0.0.1','内网IP','{\"author\":\"小明，王磊\",\"children\":[],\"fileName\":\"通信复杂性1\",\"fileRoad\":\"/profile/upload/2025/05/27/通信复杂性1_20250527165842A005.doc\",\"journal\":\"四区\",\"keywords\":\"通信复杂性\",\"papersCategory\":\"通信复杂性\",\"papersId\":275,\"papersName\":\"通信复杂性1\",\"params\":{},\"parentId\":229,\"uploadTime\":\"2025-05-27\",\"userId\":103}','{\"msg\":\"操作成功\",\"code\":200}',0,NULL,'2025-05-27 16:58:44',9),(287,'论文查询',1,'com.ruoyi.papersfound.controller.PapersfoundController.add()','POST',1,'xiaoming',NULL,'/papersfound/papersfound','127.0.0.1','内网IP','{\"author\":\"小明，牛天\",\"children\":[],\"fileName\":\"多核架构1\",\"fileRoad\":\"/profile/upload/2025/05/27/多核架构1_20250527170108A006.doc\",\"journal\":\"一区\",\"keywords\":\"多核架构\",\"papersCategory\":\"多核架构\",\"papersId\":276,\"papersName\":\"多核架构1\",\"params\":{},\"parentId\":230,\"uploadTime\":\"2025-05-27\",\"userId\":103}','{\"msg\":\"操作成功\",\"code\":200}',0,NULL,'2025-05-27 17:01:10',19),(288,'论文查询',1,'com.ruoyi.papersfound.controller.PapersfoundController.add()','POST',1,'xiaoming',NULL,'/papersfound/papersfound','127.0.0.1','内网IP','{\"author\":\"小明，牛天\",\"children\":[],\"fileName\":\"异构计算1\",\"fileRoad\":\"/profile/upload/2025/05/27/异构计算1_20250527170230A007.doc\",\"journal\":\"二区\",\"keywords\":\"异构运算1\",\"papersCategory\":\"异构计算1\",\"papersId\":277,\"papersName\":\"异构计算\",\"params\":{},\"parentId\":231,\"uploadTime\":\"2025-05-27\",\"userId\":103}','{\"msg\":\"操作成功\",\"code\":200}',0,NULL,'2025-05-27 17:02:31',5),(289,'我的论文',5,'com.ruoyi.paperspublish.controller.PaperspublishController.export()','POST',1,'xiaoming',NULL,'/paperspublish/paperspublish/export','127.0.0.1','内网IP','{\"_object[form]\":\"[object Object]\",\"_object[queryParams]\":\"[object Object]\",\"_key\":\"queryParams\",\"__v_isRef\":\"true\",\"_object[rules]\":\"[object Object]\"}',NULL,0,NULL,'2025-05-27 17:03:06',2251),(290,'论文查询',1,'com.ruoyi.papersfound.controller.PapersfoundController.add()','POST',1,'xiaohong',NULL,'/papersfound/papersfound','127.0.0.1','内网IP','{\"author\":\"小红，花花\",\"children\":[],\"fileName\":\"近似算法2\",\"fileRoad\":\"/profile/upload/2025/05/27/近似算法2_20250527170921A008.doc\",\"journal\":\"一区\",\"keywords\":\"近似算法\",\"papersCategory\":\"近似算法\",\"papersId\":278,\"papersName\":\"近似算法2\",\"params\":{},\"parentId\":223,\"uploadTime\":\"2025-05-27\",\"userId\":104}','{\"msg\":\"操作成功\",\"code\":200}',0,NULL,'2025-05-27 17:09:28',9),(291,'论文查询',1,'com.ruoyi.papersfound.controller.PapersfoundController.add()','POST',1,'xiaohong',NULL,'/papersfound/papersfound','127.0.0.1','内网IP','{\"author\":\"小红，艾心\",\"children\":[],\"fileName\":\"随机化算法2\",\"fileRoad\":\"/profile/upload/2025/05/27/随机化算法2_20250527171054A009.doc\",\"journal\":\"二区\",\"keywords\":\"随机化算法\",\"papersCategory\":\"随机化算法\",\"papersId\":279,\"papersName\":\"随机化算法2\",\"params\":{},\"parentId\":224,\"uploadTime\":\"2025-05-27\",\"userId\":104}','{\"msg\":\"操作成功\",\"code\":200}',0,NULL,'2025-05-27 17:10:56',6),(292,'论文查询',1,'com.ruoyi.papersfound.controller.PapersfoundController.add()','POST',1,'xiaohong',NULL,'/papersfound/papersfound','127.0.0.1','内网IP','{\"author\":\"小红，花花\",\"children\":[],\"fileName\":\"参数复杂性2\",\"fileRoad\":\"/profile/upload/2025/05/27/参数复杂性2_20250527171150A010.doc\",\"journal\":\"三区\",\"keywords\":\"参数复杂性\",\"papersCategory\":\"参数复杂性\",\"papersId\":280,\"papersName\":\"参数复杂性2\",\"params\":{},\"parentId\":228,\"uploadTime\":\"2025-05-27\",\"userId\":104}','{\"msg\":\"操作成功\",\"code\":200}',0,NULL,'2025-05-27 17:11:53',5),(293,'论文查询',1,'com.ruoyi.papersfound.controller.PapersfoundController.add()','POST',1,'xiaohong',NULL,'/papersfound/papersfound','127.0.0.1','内网IP','{\"author\":\"小红，艾心\",\"children\":[],\"fileName\":\"CS架构1\",\"journal\":\"四区\",\"keywords\":\"CS架构1\",\"papersCategory\":\"C/S架构\",\"papersId\":281,\"papersName\":\"CS架构1\",\"params\":{},\"parentId\":232,\"uploadTime\":\"2025-05-27\",\"userId\":104}','{\"msg\":\"操作成功\",\"code\":200}',0,NULL,'2025-05-27 17:14:23',6),(294,'论文查询',1,'com.ruoyi.papersfound.controller.PapersfoundController.add()','POST',1,'xiaohong',NULL,'/papersfound/papersfound','127.0.0.1','内网IP','{\"author\":\"小红，花花\",\"children\":[],\"fileName\":\"P2P架构1\",\"fileRoad\":\"/profile/upload/2025/05/27/P2P架构1_20250527171558A011.doc\",\"journal\":\"四区\",\"keywords\":\"P2P架构\",\"papersCategory\":\"P2P架构\",\"papersId\":282,\"papersName\":\"P2P架构1\",\"params\":{},\"parentId\":233,\"uploadTime\":\"2025-05-27\",\"userId\":104}','{\"msg\":\"操作成功\",\"code\":200}',0,NULL,'2025-05-27 17:16:07',11),(295,'我的论文',2,'com.ruoyi.paperspublish.controller.PaperspublishController.edit()','PUT',1,'xiaohong',NULL,'/paperspublish/paperspublish','127.0.0.1','内网IP','{\"ancestors\":\"\",\"author\":\"小红，艾心\",\"children\":[],\"fileName\":\"CS架构1\",\"fileRoad\":\"/profile/upload/2025/05/27/CS架构1_20250527171624A012.doc\",\"journal\":\"四区\",\"keywords\":\"CS架构1\",\"papersCategory\":\"C/S架构\",\"papersId\":281,\"papersName\":\"CS架构1\",\"params\":{},\"parentId\":232,\"uploadTime\":\"2025-05-27\",\"userId\":104}','{\"msg\":\"操作成功\",\"code\":200}',0,NULL,'2025-05-27 17:16:25',6),(296,'我的论文',2,'com.ruoyi.paperspublish.controller.PaperspublishController.edit()','PUT',1,'xiaohong',NULL,'/paperspublish/paperspublish','127.0.0.1','内网IP','{\"ancestors\":\"\",\"author\":\"小红，艾心\",\"children\":[],\"fileName\":\"CS架构1\",\"fileRoad\":\"/profile/upload/2025/05/27/CS架构1_20250527171624A012.doc\",\"journal\":\"四区\",\"keywords\":\"CS架构\",\"papersCategory\":\"C/S架构\",\"papersId\":281,\"papersName\":\"CS架构1\",\"params\":{},\"parentId\":232,\"uploadTime\":\"2025-05-27\",\"userId\":104}','{\"msg\":\"操作成功\",\"code\":200}',0,NULL,'2025-05-27 17:17:21',6),(297,'我的论文',2,'com.ruoyi.paperspublish.controller.PaperspublishController.edit()','PUT',1,'xiaoming',NULL,'/paperspublish/paperspublish','127.0.0.1','内网IP','{\"ancestors\":\"\",\"author\":\"小明，牛天\",\"children\":[],\"fileName\":\"异构计算1\",\"fileRoad\":\"/profile/upload/2025/05/27/异构计算1_20250527170230A007.doc\",\"journal\":\"二区\",\"keywords\":\"异构运算1\",\"papersCategory\":\"异构计算\",\"papersId\":277,\"papersName\":\"异构计算1\",\"params\":{},\"parentId\":231,\"uploadTime\":\"2025-05-27\",\"userId\":103}','{\"msg\":\"操作成功\",\"code\":200}',0,NULL,'2025-05-27 17:18:12',4),(298,'我的论文',2,'com.ruoyi.paperspublish.controller.PaperspublishController.edit()','PUT',1,'xiaoming',NULL,'/paperspublish/paperspublish','127.0.0.1','内网IP','{\"ancestors\":\"\",\"author\":\"小明，牛天\",\"children\":[],\"fileName\":\"异构计算1\",\"fileRoad\":\"/profile/upload/2025/05/27/异构计算1_20250527170230A007.doc\",\"journal\":\"二区\",\"keywords\":\"异构运算\",\"papersCategory\":\"异构计算\",\"papersId\":277,\"papersName\":\"异构计算1\",\"params\":{},\"parentId\":231,\"uploadTime\":\"2025-05-27\",\"userId\":103}','{\"msg\":\"操作成功\",\"code\":200}',0,NULL,'2025-05-27 17:18:25',5),(299,'论文查询',1,'com.ruoyi.papersfound.controller.PapersfoundController.add()','POST',1,'xiaolan',NULL,'/papersfound/papersfound','127.0.0.1','内网IP','{\"author\":\"小蓝，刘辉\",\"children\":[],\"fileName\":\"模型检测1\",\"fileRoad\":\"/profile/upload/2025/05/27/模型检测1_20250527172043A013.doc\",\"journal\":\"一区\",\"keywords\":\"模型检测\",\"papersCategory\":\"模型检测\",\"papersId\":283,\"papersName\":\"模型检测1\",\"params\":{},\"parentId\":236,\"uploadTime\":\"2025-05-27\",\"userId\":105}','{\"msg\":\"操作成功\",\"code\":200}',0,NULL,'2025-05-27 17:20:45',4),(300,'论文查询',1,'com.ruoyi.papersfound.controller.PapersfoundController.add()','POST',1,'xiaolan',NULL,'/papersfound/papersfound','127.0.0.1','内网IP','{\"author\":\"小蓝，郑义\",\"children\":[],\"fileName\":\"符号执行1\",\"fileRoad\":\"/profile/upload/2025/05/27/符号执行1_20250527172146A014.doc\",\"journal\":\"二区\",\"keywords\":\"符号执行\",\"papersCategory\":\"符号执行\",\"papersId\":284,\"papersName\":\"符号执行1\",\"params\":{},\"parentId\":237,\"uploadTime\":\"2025-05-27\",\"userId\":105}','{\"msg\":\"操作成功\",\"code\":200}',0,NULL,'2025-05-27 17:21:47',18),(301,'论文查询',1,'com.ruoyi.papersfound.controller.PapersfoundController.add()','POST',1,'xiaolan',NULL,'/papersfound/papersfound','127.0.0.1','内网IP','{\"author\":\"小蓝，刘辉\",\"children\":[],\"fileName\":\"C语言1\",\"fileRoad\":\"/profile/upload/2025/05/27/C语言1_20250527172329A015.doc\",\"journal\":\"三区\",\"keywords\":\"C语言\",\"papersCategory\":\"C语言\",\"papersId\":285,\"papersName\":\"C语言1\",\"params\":{},\"parentId\":238,\"uploadTime\":\"2025-05-27\",\"userId\":105}','{\"msg\":\"操作成功\",\"code\":200}',0,NULL,'2025-05-27 17:23:30',17),(302,'论文查询',1,'com.ruoyi.papersfound.controller.PapersfoundController.add()','POST',1,'xiaolan',NULL,'/papersfound/papersfound','127.0.0.1','内网IP','{\"author\":\"小蓝，郑义\",\"children\":[],\"fileName\":\"Java1\",\"fileRoad\":\"/profile/upload/2025/05/27/Java1_20250527172507A016.doc\",\"journal\":\"四区\",\"keywords\":\"Java\",\"papersCategory\":\"Java\",\"papersId\":286,\"papersName\":\"Java1\",\"params\":{},\"parentId\":239,\"uploadTime\":\"2025-05-27\",\"userId\":105}','{\"msg\":\"操作成功\",\"code\":200}',0,NULL,'2025-05-27 17:25:08',6),(303,'论文查询',1,'com.ruoyi.papersfound.controller.PapersfoundController.add()','POST',1,'xiaolan',NULL,'/papersfound/papersfound','127.0.0.1','内网IP','{\"author\":\"小蓝，刘辉\",\"children\":[],\"fileName\":\"社会历史批评1\",\"fileRoad\":\"/profile/upload/2025/05/27/社会历史批评1_20250527172605A017.doc\",\"journal\":\"三区\",\"keywords\":\"社会历史批评\",\"papersCategory\":\"社会历史批评\",\"papersId\":287,\"papersName\":\"社会历史批评1\",\"params\":{},\"parentId\":245,\"uploadTime\":\"2025-05-27\",\"userId\":105}','{\"msg\":\"操作成功\",\"code\":200}',0,NULL,'2025-05-27 17:26:06',19),(304,'我的论文',5,'com.ruoyi.paperspublish.controller.PaperspublishController.export()','POST',1,'xiaolan',NULL,'/paperspublish/paperspublish/export','127.0.0.1','内网IP','{\"_object[form]\":\"[object Object]\",\"_object[queryParams]\":\"[object Object]\",\"_key\":\"queryParams\",\"__v_isRef\":\"true\",\"_object[rules]\":\"[object Object]\"}',NULL,0,NULL,'2025-05-27 17:26:15',27),(305,'论文查询',1,'com.ruoyi.papersfound.controller.PapersfoundController.add()','POST',1,'xiaowang',NULL,'/papersfound/papersfound','127.0.0.1','内网IP','{\"author\":\"小王，张涛\",\"children\":[],\"fileName\":\"传记与心理研究1\",\"fileRoad\":\"/profile/upload/2025/05/27/传记与心理研究1_20250527172833A018.doc\",\"journal\":\"一区\",\"keywords\":\"传记与心理研究\",\"papersCategory\":\"传记与心理研究\",\"papersId\":288,\"papersName\":\"传记与心理研究1\",\"params\":{},\"parentId\":246,\"uploadTime\":\"2025-05-27\",\"userId\":106}','{\"msg\":\"操作成功\",\"code\":200}',0,NULL,'2025-05-27 17:28:33',6),(306,'论文查询',1,'com.ruoyi.papersfound.controller.PapersfoundController.add()','POST',1,'xiaowang',NULL,'/papersfound/papersfound','127.0.0.1','内网IP','{\"author\":\"小王，李四\",\"children\":[],\"fileName\":\"语言风格研究1\",\"fileRoad\":\"/profile/upload/2025/05/27/语言风格研究1_20250527172936A019.doc\",\"journal\":\"二区\",\"keywords\":\"语言风格研究\",\"papersCategory\":\"语言风格研究\",\"papersId\":289,\"papersName\":\"语言风格研究1\",\"params\":{},\"parentId\":247,\"uploadTime\":\"2025-05-27\",\"userId\":106}','{\"msg\":\"操作成功\",\"code\":200}',0,NULL,'2025-05-27 17:29:37',18),(307,'论文查询',1,'com.ruoyi.papersfound.controller.PapersfoundController.add()','POST',1,'xiaowang',NULL,'/papersfound/papersfound','127.0.0.1','内网IP','{\"author\":\"小王，张涛\",\"children\":[],\"fileName\":\"叙事结构解构1\",\"fileRoad\":\"/profile/upload/2025/05/27/叙事结构解构1_20250527173103A020.doc\",\"journal\":\"三区\",\"keywords\":\"叙事结构解构\",\"papersCategory\":\"叙事结构解构\",\"papersId\":290,\"papersName\":\"叙事结构解构1\",\"params\":{},\"parentId\":248,\"uploadTime\":\"2025-05-27\",\"userId\":106}','{\"msg\":\"操作成功\",\"code\":200}',0,NULL,'2025-05-27 17:31:04',19),(308,'论文查询',1,'com.ruoyi.papersfound.controller.PapersfoundController.add()','POST',1,'xiaowang',NULL,'/papersfound/papersfound','127.0.0.1','内网IP','{\"author\":\"小王，李四\",\"children\":[],\"fileName\":\"小说研究1\",\"fileRoad\":\"/profile/upload/2025/05/27/小说研究1_20250527173143A021.doc\",\"journal\":\"四区\",\"keywords\":\"小说研究\",\"papersCategory\":\"小说研究\",\"papersId\":291,\"papersName\":\"小说研究1\",\"params\":{},\"parentId\":251,\"uploadTime\":\"2025-05-27\",\"userId\":106}','{\"msg\":\"操作成功\",\"code\":200}',0,NULL,'2025-05-27 17:31:43',6),(309,'论文查询',1,'com.ruoyi.papersfound.controller.PapersfoundController.add()','POST',1,'xiaowang',NULL,'/papersfound/papersfound','127.0.0.1','内网IP','{\"author\":\"小王，张涛\",\"children\":[],\"fileName\":\"传记研究1\",\"fileRoad\":\"/profile/upload/2025/05/27/传记研究1_20250527173233A022.doc\",\"journal\":\"二区\",\"keywords\":\"传记研究\",\"papersCategory\":\"传记研究\",\"papersId\":292,\"papersName\":\"传记研究1\",\"params\":{},\"parentId\":252,\"uploadTime\":\"2025-05-27\",\"userId\":106}','{\"msg\":\"操作成功\",\"code\":200}',0,NULL,'2025-05-27 17:32:39',19),(310,'论文查询',1,'com.ruoyi.papersfound.controller.PapersfoundController.add()','POST',1,'xiaobai',NULL,'/papersfound/papersfound','127.0.0.1','内网IP','{\"author\":\"小白，张三\",\"children\":[],\"fileName\":\"散文诗化研究1\",\"fileRoad\":\"/profile/upload/2025/05/27/散文诗化研究1_20250527173422A023.doc\",\"journal\":\"一区\",\"keywords\":\"散文诗化研究\",\"papersCategory\":\"散文诗化研究\",\"papersId\":293,\"papersName\":\"散文诗化研究1\",\"params\":{},\"parentId\":253,\"uploadTime\":\"2025-05-27\",\"userId\":107}','{\"msg\":\"操作成功\",\"code\":200}',0,NULL,'2025-05-27 17:34:25',4),(311,'论文查询',1,'com.ruoyi.papersfound.controller.PapersfoundController.add()','POST',1,'xiaobai',NULL,'/papersfound/papersfound','127.0.0.1','内网IP','{\"author\":\"小白，王五\",\"children\":[],\"fileName\":\"戏剧化小说1\",\"fileRoad\":\"/profile/upload/2025/05/27/戏剧化小说1_20250527173523A024.doc\",\"journal\":\"二区\",\"keywords\":\"戏剧化小说\",\"papersCategory\":\"戏剧化小说\",\"papersId\":294,\"papersName\":\"戏剧化小说1\",\"params\":{},\"parentId\":254,\"uploadTime\":\"2025-05-27\",\"userId\":107}','{\"msg\":\"操作成功\",\"code\":200}',0,NULL,'2025-05-27 17:35:25',18),(312,'论文查询',1,'com.ruoyi.papersfound.controller.PapersfoundController.add()','POST',1,'xiaobai',NULL,'/papersfound/papersfound','127.0.0.1','内网IP','{\"author\":\"小白，张三\",\"children\":[],\"fileName\":\"设计理论与社会责任1\",\"fileRoad\":\"/profile/upload/2025/05/27/设计伦理与社会责任1_20250527173614A025.doc\",\"journal\":\"三区\",\"keywords\":\"设计理论与社会责任\",\"papersCategory\":\"设计理论与社会责任\",\"papersId\":295,\"papersName\":\"设计理论与社会责任1\",\"params\":{},\"parentId\":260,\"uploadTime\":\"2025-05-27\",\"userId\":107}','{\"msg\":\"操作成功\",\"code\":200}',0,NULL,'2025-05-27 17:36:15',4),(313,'论文查询',1,'com.ruoyi.papersfound.controller.PapersfoundController.add()','POST',1,'xiaobai',NULL,'/papersfound/papersfound','127.0.0.1','内网IP','{\"author\":\"小白，王五\",\"children\":[],\"fileName\":\"设计美学原则1\",\"fileRoad\":\"/profile/upload/2025/05/27/设计美学原则1_20250527173713A026.doc\",\"journal\":\"四区\",\"keywords\":\"设计美学原则\",\"papersCategory\":\"设计美学原则\",\"papersId\":296,\"papersName\":\"设计美学原则1\",\"params\":{},\"parentId\":261,\"uploadTime\":\"2025-05-27\",\"userId\":107}','{\"msg\":\"操作成功\",\"code\":200}',0,NULL,'2025-05-27 17:37:16',4),(314,'论文查询',1,'com.ruoyi.papersfound.controller.PapersfoundController.add()','POST',1,'xiaobai',NULL,'/papersfound/papersfound','127.0.0.1','内网IP','{\"author\":\"小白，张三\",\"children\":[],\"fileName\":\"设计思维与创新方法1\",\"fileRoad\":\"/profile/upload/2025/05/27/设计思维与创新方法1_20250527173817A027.doc\",\"journal\":\"三区\",\"keywords\":\"设计思维与创新方法\",\"papersCategory\":\"设计思维与创新方法\",\"papersId\":297,\"papersName\":\"设计思维与创新方法1\",\"params\":{},\"parentId\":262,\"uploadTime\":\"2025-05-27\",\"userId\":107}','{\"msg\":\"操作成功\",\"code\":200}',0,NULL,'2025-05-27 17:38:20',5),(315,'论文查询',1,'com.ruoyi.papersfound.controller.PapersfoundController.add()','POST',1,'xiaohei',NULL,'/papersfound/papersfound','127.0.0.1','内网IP','{\"author\":\"小黑，武芬\",\"children\":[],\"fileName\":\"设计研究范式1\",\"fileRoad\":\"/profile/upload/2025/05/27/设计研究范式1_20250527174024A028.doc\",\"journal\":\"一区\",\"keywords\":\"设计研究范式\",\"papersCategory\":\"设计研究范式\",\"papersId\":298,\"papersName\":\"设计研究范式1\",\"params\":{},\"parentId\":263,\"uploadTime\":\"2025-05-27\",\"userId\":108}','{\"msg\":\"操作成功\",\"code\":200}',0,NULL,'2025-05-27 17:40:26',11),(316,'论文查询',1,'com.ruoyi.papersfound.controller.PapersfoundController.add()','POST',1,'xiaohei',NULL,'/papersfound/papersfound','127.0.0.1','内网IP','{\"author\":\"小黑，钱六\",\"children\":[],\"fileName\":\"可持续产品设计1\",\"fileRoad\":\"/profile/upload/2025/05/27/可持续产品设计1_20250527174108A029.doc\",\"journal\":\"二区\",\"keywords\":\"可持续产品设计\",\"papersCategory\":\"可持续产品设计\",\"papersId\":299,\"papersName\":\"可持续产品设计1\",\"params\":{},\"parentId\":266,\"uploadTime\":\"2025-05-27\",\"userId\":108}','{\"msg\":\"操作成功\",\"code\":200}',0,NULL,'2025-05-27 17:41:09',19),(317,'论文查询',1,'com.ruoyi.papersfound.controller.PapersfoundController.add()','POST',1,'xiaohei',NULL,'/papersfound/papersfound','127.0.0.1','内网IP','{\"author\":\"小黑，武芬\",\"children\":[],\"fileName\":\"智能产品设计1\",\"fileRoad\":\"/profile/upload/2025/05/27/智能产品设计1_20250527174157A030.doc\",\"journal\":\"三区\",\"keywords\":\"智能产品设计\",\"papersCategory\":\"智能产品设计\",\"papersId\":300,\"papersName\":\"智能产品设计1\",\"params\":{},\"parentId\":267,\"uploadTime\":\"2025-05-27\",\"userId\":108}','{\"msg\":\"操作成功\",\"code\":200}',0,NULL,'2025-05-27 17:41:57',19),(318,'论文查询',1,'com.ruoyi.papersfound.controller.PapersfoundController.add()','POST',1,'xiaohei',NULL,'/papersfound/papersfound','127.0.0.1','内网IP','{\"author\":\"小黑，钱六\",\"children\":[],\"fileName\":\"数字媒体设计1\",\"fileRoad\":\"/profile/upload/2025/05/27/数字媒体设计1_20250527174310A031.doc\",\"journal\":\"四区\",\"keywords\":\"数字媒体设计\",\"papersCategory\":\"数字媒体设计\",\"papersId\":301,\"papersName\":\"数字媒体设计1\",\"params\":{},\"parentId\":268,\"uploadTime\":\"2025-05-27\",\"userId\":108}','{\"msg\":\"操作成功\",\"code\":200}',0,NULL,'2025-05-27 17:43:18',19),(319,'论文查询',1,'com.ruoyi.papersfound.controller.PapersfoundController.add()','POST',1,'xiaohei',NULL,'/papersfound/papersfound','127.0.0.1','内网IP','{\"author\":\"小黑，武芬\",\"children\":[],\"fileName\":\"品牌与传播设计\",\"fileRoad\":\"/profile/upload/2025/05/27/品牌与传播设计1_20250527174417A032.doc\",\"journal\":\"四区\",\"keywords\":\"品牌与传播设计\",\"papersCategory\":\"品牌与传播设计\",\"papersId\":302,\"papersName\":\"品牌与传播设计1\",\"params\":{},\"parentId\":269,\"uploadTime\":\"2025-05-27\",\"userId\":108}','{\"msg\":\"操作成功\",\"code\":200}',0,NULL,'2025-05-27 17:44:17',18),(320,'我的论文',5,'com.ruoyi.paperspublish.controller.PaperspublishController.export()','POST',1,'xiaohei',NULL,'/paperspublish/paperspublish/export','127.0.0.1','内网IP','{\"_object[form]\":\"[object Object]\",\"_object[queryParams]\":\"[object Object]\",\"_key\":\"queryParams\",\"__v_isRef\":\"true\",\"_object[rules]\":\"[object Object]\"}',NULL,0,NULL,'2025-05-27 17:52:23',43),(321,'我的论文',2,'com.ruoyi.paperspublish.controller.PaperspublishController.edit()','PUT',1,'xiaohei',NULL,'/paperspublish/paperspublish','127.0.0.1','内网IP','{\"ancestors\":\"\",\"author\":\"小黑，武芬\",\"children\":[],\"fileName\":\"品牌与传播设计1\",\"fileRoad\":\"/profile/upload/2025/05/27/品牌与传播设计1_20250527174417A032.doc\",\"journal\":\"四区\",\"keywords\":\"品牌与传播设计\",\"papersCategory\":\"品牌与传播设计\",\"papersId\":302,\"papersName\":\"品牌与传播设计1\",\"params\":{},\"parentId\":269,\"uploadTime\":\"2025-05-27\",\"userId\":108}','{\"msg\":\"操作成功\",\"code\":200}',0,NULL,'2025-05-27 17:52:50',26),(322,'论文查询',5,'com.ruoyi.papersfound.controller.PapersfoundController.export()','POST',1,'xiaohei',NULL,'/papersfound/papersfound/export','127.0.0.1','内网IP','{\"_object[form]\":\"[object Object]\",\"_object[queryParams]\":\"[object Object]\",\"_key\":\"queryParams\",\"__v_isRef\":\"true\",\"_object[rules]\":\"[object Object]\"}',NULL,0,NULL,'2025-05-27 17:54:38',3811),(323,'论文查询',5,'com.ruoyi.papersfound.controller.PapersfoundController.export()','POST',1,'xiaohei',NULL,'/papersfound/papersfound/export','127.0.0.1','内网IP','{\"_object[form]\":\"[object Object]\",\"_object[queryParams]\":\"[object Object]\",\"_key\":\"queryParams\",\"__v_isRef\":\"true\",\"_object[rules]\":\"[object Object]\"}',NULL,0,NULL,'2025-05-27 18:02:08',3719),(324,'论文查询',5,'com.ruoyi.papersfound.controller.PapersfoundController.export()','POST',1,'xiaohei',NULL,'/papersfound/papersfound/export','127.0.0.1','内网IP','{\"_object[form]\":\"[object Object]\",\"_object[queryParams]\":\"[object Object]\",\"_key\":\"queryParams\",\"__v_isRef\":\"true\",\"_object[rules]\":\"[object Object]\"}',NULL,0,NULL,'2025-05-27 18:03:50',93),(325,'论文查询',5,'com.ruoyi.papersfound.controller.PapersfoundController.export()','POST',1,'xiaohei',NULL,'/papersfound/papersfound/export','127.0.0.1','内网IP','{\"_object[form]\":\"[object Object]\",\"_object[queryParams]\":\"[object Object]\",\"_key\":\"queryParams\",\"__v_isRef\":\"true\",\"_object[rules]\":\"[object Object]\"}',NULL,0,NULL,'2025-05-27 18:04:08',58),(326,'论文管理',5,'com.ruoyi.papers.controller.PapersController.export()','POST',1,'admintest',NULL,'/papers/papers/export','127.0.0.1','内网IP','{\"_object[form]\":\"[object Object]\",\"_object[queryParams]\":\"[object Object]\",\"_key\":\"queryParams\",\"__v_isRef\":\"true\",\"_object[rules]\":\"[object Object]\"}',NULL,0,NULL,'2025-05-27 18:05:34',2571),(327,'参考文献',3,'com.ruoyi.literatures.controller.LiteraturesController.remove()','DELETE',1,'xiaoming',NULL,'/literatures/literatures/204','127.0.0.1','内网IP','[204]','{\"msg\":\"操作成功\",\"code\":200}',0,NULL,'2025-05-27 22:11:33',33),(328,'参考文献',5,'com.ruoyi.literatures.controller.LiteraturesController.export()','POST',1,'xiaoming',NULL,'/literatures/literatures/export','127.0.0.1','内网IP','{\"_object[form]\":\"[object Object]\",\"_object[queryParams]\":\"[object Object]\",\"_key\":\"queryParams\",\"__v_isRef\":\"true\",\"_object[rules]\":\"[object Object]\"}',NULL,0,NULL,'2025-05-27 22:41:31',2249),(329,'参考文献',1,'com.ruoyi.literatures.controller.LiteraturesController.add()','POST',1,'xiaoming',NULL,'/literatures/literatures','127.0.0.1','内网IP','{\"author\":\"小明\",\"children\":[],\"fileName\":\"小明近似算法参考文献\",\"fileRoad\":\"/profile/upload/2025/05/27/小明近似算法参考文献_20250527234842A001.doc\",\"journal\":\"二区\",\"keywords\":\"小明近似算法参考文献\",\"literaturesCategory\":\"近似算法\",\"literaturesId\":1586,\"literaturesName\":\"小明近似算法参考文献\",\"params\":{},\"parentId\":223,\"uploadTime\":\"2025-05-27\",\"userId\":103}','{\"msg\":\"操作成功\",\"code\":200}',0,NULL,'2025-05-27 23:48:47',35),(330,'参考文献',1,'com.ruoyi.literatures.controller.LiteraturesController.add()','POST',1,'xiaoming',NULL,'/literatures/literatures','127.0.0.1','内网IP','{\"author\":\"小明\",\"children\":[],\"fileName\":\"小明通信复杂性参考文献\",\"fileRoad\":\"/profile/upload/2025/05/27/小明通信复杂性参考文献_20250527235018A002.doc\",\"journal\":\"一区\",\"keywords\":\"小明通信复杂性参考文献\",\"literaturesCategory\":\"通信复杂性\",\"literaturesId\":1587,\"literaturesName\":\"小明通信复杂性参考文献\",\"params\":{},\"parentId\":229,\"userId\":103}','{\"msg\":\"操作成功\",\"code\":200}',0,NULL,'2025-05-27 23:50:20',5),(331,'参考文献',5,'com.ruoyi.literatures.controller.LiteraturesController.export()','POST',1,'xiaoming',NULL,'/literatures/literatures/export','127.0.0.1','内网IP','{\"_object[form]\":\"[object Object]\",\"_object[queryParams]\":\"[object Object]\",\"_key\":\"queryParams\",\"__v_isRef\":\"true\",\"_object[rules]\":\"[object Object]\"}',NULL,0,NULL,'2025-05-27 23:50:26',59),(332,'参考文献',5,'com.ruoyi.literatures.controller.LiteraturesController.export()','POST',1,'xiaoming',NULL,'/literatures/literatures/export','127.0.0.1','内网IP','{\"_object[form]\":\"[object Object]\",\"_object[queryParams]\":\"[object Object]\",\"_key\":\"queryParams\",\"__v_isRef\":\"true\",\"_object[rules]\":\"[object Object]\"}',NULL,0,NULL,'2025-05-27 23:50:51',25),(333,'参考文献',2,'com.ruoyi.literatures.controller.LiteraturesController.edit()','PUT',1,'xiaoming',NULL,'/literatures/literatures','127.0.0.1','内网IP','{\"ancestors\":\"\",\"author\":\"小明\",\"children\":[],\"fileName\":\"小明通信复杂性参考文献\",\"fileRoad\":\"/profile/upload/2025/05/27/小明通信复杂性参考文献_20250527235018A002.doc\",\"journal\":\"一区\",\"keywords\":\"小明通信复杂性参考文献\",\"literaturesCategory\":\"通信复杂性\",\"literaturesId\":1587,\"literaturesName\":\"小明通信复杂性参考文献\",\"params\":{},\"parentId\":229,\"uploadTime\":\"2025-05-27\",\"userId\":103}','{\"msg\":\"操作成功\",\"code\":200}',0,NULL,'2025-05-27 23:51:19',18),(334,'参考文献',5,'com.ruoyi.literatures.controller.LiteraturesController.export()','POST',1,'xiaoming',NULL,'/literatures/literatures/export','127.0.0.1','内网IP','{\"_object[form]\":\"[object Object]\",\"_object[queryParams]\":\"[object Object]\",\"_key\":\"queryParams\",\"__v_isRef\":\"true\",\"_object[rules]\":\"[object Object]\"}',NULL,0,NULL,'2025-05-27 23:51:21',22),(335,'参考文献',1,'com.ruoyi.literatures.controller.LiteraturesController.add()','POST',1,'xiaohong',NULL,'/literatures/literatures','127.0.0.1','内网IP','{\"author\":\"小红\",\"children\":[],\"fileName\":\"小红近似算法参考文献\",\"fileRoad\":\"/profile/upload/2025/05/27/小红近似算法参考文献_20250527235301A003.doc\",\"journal\":\"三区\",\"keywords\":\"小红近似算法参考文献\",\"literaturesCategory\":\"近似算法\",\"literaturesId\":1588,\"literaturesName\":\"小红近似算法参考文献\",\"params\":{},\"parentId\":323,\"uploadTime\":\"2025-05-27\",\"userId\":104}','{\"msg\":\"操作成功\",\"code\":200}',0,NULL,'2025-05-27 23:53:02',7),(336,'参考文献',1,'com.ruoyi.literatures.controller.LiteraturesController.add()','POST',1,'xiaohong',NULL,'/literatures/literatures','127.0.0.1','内网IP','{\"author\":\"小红\",\"children\":[],\"fileName\":\"小红多核架构参考文献\",\"fileRoad\":\"/profile/upload/2025/05/27/小红多核架构参考文献_20250527235349A004.doc\",\"journal\":\"四区\",\"keywords\":\"小红多核架构参考文献\",\"literaturesCategory\":\"小红多核架构参考文献\",\"literaturesId\":1589,\"literaturesName\":\"多核架构\",\"params\":{},\"parentId\":330,\"uploadTime\":\"2025-05-27\",\"userId\":104}','{\"msg\":\"操作成功\",\"code\":200}',0,NULL,'2025-05-27 23:53:50',5),(337,'论文查询',5,'com.ruoyi.papersfound.controller.PapersfoundController.export()','POST',1,'xiaoming',NULL,'/papersfound/papersfound/export','127.0.0.1','内网IP','{\"_object[form]\":\"[object Object]\",\"_object[queryParams]\":\"[object Object]\",\"_key\":\"queryParams\",\"__v_isRef\":\"true\",\"_object[rules]\":\"[object Object]\"}',NULL,0,NULL,'2025-05-28 04:09:01',3564),(338,'论文查询',5,'com.ruoyi.papersfound.controller.PapersfoundController.export()','POST',1,'xiaoming',NULL,'/papersfound/papersfound/export','127.0.0.1','内网IP','{\"_object[form]\":\"[object Object]\",\"_object[queryParams]\":\"[object Object]\",\"_key\":\"queryParams\",\"__v_isRef\":\"true\",\"_object[rules]\":\"[object Object]\"}',NULL,0,NULL,'2025-05-28 04:11:25',70),(339,'用户管理',2,'com.ruoyi.web.controller.system.SysUserController.edit()','PUT',1,'admintest',NULL,'/system/user','127.0.0.1','内网IP','{\"admin\":false,\"avatar\":\"\",\"createBy\":\"admin\",\"createTime\":\"2025-05-26 19:54:36\",\"delFlag\":\"0\",\"email\":\"15867896789@qq.com\",\"loginDate\":\"2025-05-27 23:51:58\",\"loginIp\":\"127.0.0.1\",\"nickName\":\"xiaohong\",\"params\":{},\"phonenumber\":\"15867896789\",\"postIds\":[],\"roleIds\":[2],\"roles\":[{\"admin\":false,\"dataScope\":\"5\",\"deptCheckStrictly\":false,\"flag\":false,\"menuCheckStrictly\":false,\"params\":{},\"roleId\":2,\"roleKey\":\"common\",\"roleName\":\"普通角色\",\"roleSort\":2,\"status\":\"0\"}],\"sex\":\"1\",\"status\":\"0\",\"updateBy\":\"admintest\",\"userId\":104,\"userName\":\"xiaohong\"}','{\"msg\":\"操作成功\",\"code\":200}',0,NULL,'2025-05-28 04:23:16',125),(340,'论文查询',1,'com.ruoyi.papersfound.controller.PapersfoundController.add()','POST',1,'xiaoming',NULL,'/papersfound/papersfound','127.0.0.1','内网IP','{\"author\":\"小明\",\"children\":[],\"fileName\":\"小明test1\",\"fileRoad\":\"/profile/upload/2025/05/28/小明论文test1_20250528050005A001.doc\",\"journal\":\"一区\",\"keywords\":\"test1\",\"papersCategory\":\"近似算法\",\"papersId\":303,\"papersName\":\"小明test1\",\"params\":{},\"parentId\":223,\"uploadTime\":\"2025-05-28\",\"userId\":103}','{\"msg\":\"操作成功\",\"code\":200}',0,NULL,'2025-05-28 05:00:07',51),(341,'我的论文',2,'com.ruoyi.paperspublish.controller.PaperspublishController.edit()','PUT',1,'xiaoming',NULL,'/paperspublish/paperspublish','127.0.0.1','内网IP','{\"ancestors\":\"\",\"author\":\"小明\",\"children\":[],\"fileName\":\"小明test1\",\"fileRoad\":\"/profile/upload/2025/05/28/小明论文test1_20250528050005A001.doc\",\"journal\":\"一区\",\"keywords\":\"test12\",\"papersCategory\":\"近似算法\",\"papersId\":303,\"papersName\":\"小明test1\",\"params\":{},\"parentId\":223,\"uploadTime\":\"2025-05-28\",\"userId\":103}','{\"msg\":\"操作成功\",\"code\":200}',0,NULL,'2025-05-28 05:00:22',35),(342,'我的论文',3,'com.ruoyi.paperspublish.controller.PaperspublishController.remove()','DELETE',1,'xiaoming',NULL,'/paperspublish/paperspublish/303','127.0.0.1','内网IP','[303]','{\"msg\":\"操作成功\",\"code\":200}',0,NULL,'2025-05-28 05:03:01',42),(343,'论文查询',1,'com.ruoyi.papersfound.controller.PapersfoundController.add()','POST',1,'xiaoming',NULL,'/papersfound/papersfound','127.0.0.1','内网IP','{\"author\":\"小明\",\"children\":[],\"fileName\":\"test1\",\"fileRoad\":\"/profile/upload/2025/05/28/小明论文test1_20250528050517A002.doc\",\"journal\":\"一区\",\"keywords\":\"test1\",\"papersCategory\":\"近似算法\",\"papersId\":304,\"papersName\":\"test1\",\"params\":{},\"parentId\":223,\"userId\":103}','{\"msg\":\"操作成功\",\"code\":200}',0,NULL,'2025-05-28 05:05:18',24),(344,'我的论文',2,'com.ruoyi.paperspublish.controller.PaperspublishController.edit()','PUT',1,'xiaoming',NULL,'/paperspublish/paperspublish','127.0.0.1','内网IP','{\"ancestors\":\"\",\"author\":\"小明\",\"children\":[],\"fileName\":\"test1\",\"fileRoad\":\"/profile/upload/2025/05/28/小明论文test1_20250528050517A002.doc\",\"journal\":\"一区\",\"keywords\":\"test1\",\"papersCategory\":\"近似算法\",\"papersId\":304,\"papersName\":\"test1\",\"params\":{},\"parentId\":223,\"uploadTime\":\"2025-05-28\",\"userId\":103}','{\"msg\":\"操作成功\",\"code\":200}',0,NULL,'2025-05-28 05:06:21',19),(345,'我的论文',5,'com.ruoyi.paperspublish.controller.PaperspublishController.export()','POST',1,'xiaoming',NULL,'/paperspublish/paperspublish/export','127.0.0.1','内网IP','{\"_object[form]\":\"[object Object]\",\"_object[queryParams]\":\"[object Object]\",\"_key\":\"queryParams\",\"__v_isRef\":\"true\",\"_object[rules]\":\"[object Object]\"}',NULL,0,NULL,'2025-05-28 05:06:58',4138),(346,'我的论文',3,'com.ruoyi.paperspublish.controller.PaperspublishController.remove()','DELETE',1,'xiaoming',NULL,'/paperspublish/paperspublish/304','127.0.0.1','内网IP','[304]','{\"msg\":\"操作成功\",\"code\":200}',0,NULL,'2025-05-28 05:07:16',20),(347,'参考文献',5,'com.ruoyi.literatures.controller.LiteraturesController.export()','GET',1,'xiaoming',NULL,'/literatures/literatures/export','127.0.0.1','内网IP','{}',NULL,0,NULL,'2025-06-04 20:46:27',3903),(348,'我的论文',5,'com.ruoyi.paperspublish.controller.PaperspublishController.export()','GET',1,'xiaoming',NULL,'/paperspublish/paperspublish/export','127.0.0.1','内网IP','{\"papersCategory\":\"近似算法\"}',NULL,0,NULL,'2025-06-04 20:46:45',55),(349,'菜单管理',2,'com.ruoyi.web.controller.system.SysMenuController.edit()','PUT',1,'admin','研发部门','/system/menu','127.0.0.1','内网IP','{\"children\":[],\"component\":\"help/index\",\"createTime\":\"2025-06-04 20:48:42\",\"icon\":\"tool\",\"isCache\":\"0\",\"isFrame\":\"1\",\"menuId\":2024,\"menuName\":\"辅助功能\",\"menuType\":\"C\",\"orderNum\":1,\"params\":{},\"parentId\":0,\"path\":\"help\",\"perms\":\"help:help:list\",\"routeName\":\"\",\"status\":\"0\",\"updateBy\":\"admin\",\"visible\":\"0\"}','{\"msg\":\"操作成功\",\"code\":200}',0,NULL,'2025-06-04 20:50:00',53),(350,'角色管理',2,'com.ruoyi.web.controller.system.SysRoleController.edit()','PUT',1,'admin','研发部门','/system/role','127.0.0.1','内网IP','{\"admin\":false,\"createTime\":\"2025-05-25 17:58:06\",\"dataScope\":\"5\",\"delFlag\":\"0\",\"deptCheckStrictly\":true,\"flag\":false,\"menuCheckStrictly\":true,\"menuIds\":[2006,2007,2008,2009,2010,2011,2012,2013,2014,2015,2016,2017,2018,2019,2020,2021,2022,2023,2024,2025,2026,2027,2028,2029],\"params\":{},\"remark\":\"普通角色\",\"roleId\":2,\"roleKey\":\"common\",\"roleName\":\"普通角色\",\"roleSort\":2,\"status\":\"0\",\"updateBy\":\"admin\"}','{\"msg\":\"操作成功\",\"code\":200}',0,NULL,'2025-06-04 20:50:12',138),(351,'用户头像',2,'com.ruoyi.web.controller.system.SysProfileController.avatar()','POST',1,'xiaoming',NULL,'/system/user/profile/avatar','127.0.0.1','内网IP','','{\"msg\":\"操作成功\",\"imgUrl\":\"/profile/avatar/2025/06/04/OIP-C_20250604215333A001.jpg\",\"code\":200}',0,NULL,'2025-06-04 21:53:33',193),(352,'用户头像',2,'com.ruoyi.web.controller.system.SysProfileController.avatar()','POST',1,'admintest',NULL,'/system/user/profile/avatar','127.0.0.1','内网IP','','{\"msg\":\"操作成功\",\"imgUrl\":\"/profile/avatar/2025/06/04/OIP-C (1)_20250604215455A002.jpg\",\"code\":200}',0,NULL,'2025-06-04 21:54:55',7),(353,'用户头像',2,'com.ruoyi.web.controller.system.SysProfileController.avatar()','POST',1,'xiaohong',NULL,'/system/user/profile/avatar','127.0.0.1','内网IP','','{\"msg\":\"操作成功\",\"imgUrl\":\"/profile/avatar/2025/06/04/OIP-C (2)_20250604215550A003.jpg\",\"code\":200}',0,NULL,'2025-06-04 21:55:50',19),(354,'用户头像',2,'com.ruoyi.web.controller.system.SysProfileController.avatar()','POST',1,'xiaolan',NULL,'/system/user/profile/avatar','127.0.0.1','内网IP','','{\"msg\":\"操作成功\",\"imgUrl\":\"/profile/avatar/2025/06/04/OIP-C_20250604215719A004.jpg\",\"code\":200}',0,NULL,'2025-06-04 21:57:19',9),(355,'用户头像',2,'com.ruoyi.web.controller.system.SysProfileController.avatar()','POST',1,'xiaowang',NULL,'/system/user/profile/avatar','127.0.0.1','内网IP','','{\"msg\":\"操作成功\",\"imgUrl\":\"/profile/avatar/2025/06/04/OIP-C (1)_20250604215756A005.jpg\",\"code\":200}',0,NULL,'2025-06-04 21:57:56',7),(356,'用户头像',2,'com.ruoyi.web.controller.system.SysProfileController.avatar()','POST',1,'xiaobai',NULL,'/system/user/profile/avatar','127.0.0.1','内网IP','','{\"msg\":\"操作成功\",\"imgUrl\":\"/profile/avatar/2025/06/04/OIP-C (2)_20250604215903A006.jpg\",\"code\":200}',0,NULL,'2025-06-04 21:59:03',7),(357,'用户头像',2,'com.ruoyi.web.controller.system.SysProfileController.avatar()','POST',1,'xiaohei',NULL,'/system/user/profile/avatar','127.0.0.1','内网IP','','{\"msg\":\"操作成功\",\"imgUrl\":\"/profile/avatar/2025/06/04/OIP-C (3)_20250604215953A007.jpg\",\"code\":200}',0,NULL,'2025-06-04 21:59:53',8),(358,'用户管理',3,'com.ruoyi.web.controller.system.SysUserController.remove()','DELETE',1,'admintest',NULL,'/system/user/109','127.0.0.1','内网IP','[109]','{\"msg\":\"操作成功\",\"code\":200}',0,NULL,'2025-06-04 22:05:50',73),(359,'我的论文',5,'com.ruoyi.paperspublish.controller.PaperspublishController.export()','GET',1,'xiaoming',NULL,'/paperspublish/paperspublish/export','127.0.0.1','内网IP','{}',NULL,0,NULL,'2025-06-05 14:13:16',2374),(360,'我的论文',5,'com.ruoyi.paperspublish.controller.PaperspublishController.export()','GET',1,'xiaoming',NULL,'/paperspublish/paperspublish/export','127.0.0.1','内网IP','{\"author\":\"王磊\"}',NULL,0,NULL,'2025-06-05 14:13:41',34),(361,'论文查询',1,'com.ruoyi.papersfound.controller.PapersfoundController.add()','POST',1,'xiaoming',NULL,'/papersfound/papersfound','127.0.0.1','内网IP','{\"author\":\"小明，test\",\"children\":[],\"fileName\":\"test\",\"fileRoad\":\"/profile/upload/2025/06/05/test_20250605141534A001.doc\",\"journal\":\"三区\",\"keywords\":\"test\",\"papersCategory\":\"随机化算法\",\"papersId\":305,\"papersName\":\"test\",\"params\":{},\"parentId\":224,\"uploadTime\":\"2025-06-05\",\"userId\":103}','{\"msg\":\"操作成功\",\"code\":200}',0,NULL,'2025-06-05 14:15:36',21),(362,'我的论文',2,'com.ruoyi.paperspublish.controller.PaperspublishController.edit()','PUT',1,'xiaoming',NULL,'/paperspublish/paperspublish','127.0.0.1','内网IP','{\"ancestors\":\"\",\"author\":\"小明，test\",\"children\":[],\"fileName\":\"test\",\"fileRoad\":\"/profile/upload/2025/06/05/test_20250605141534A001.doc\",\"journal\":\"三区\",\"keywords\":\"test123\",\"papersCategory\":\"随机化算法\",\"papersId\":305,\"papersName\":\"test\",\"params\":{},\"parentId\":224,\"uploadTime\":\"2025-06-05\",\"userId\":103}','{\"msg\":\"操作成功\",\"code\":200}',0,NULL,'2025-06-05 14:16:59',11),(363,'论文查询',5,'com.ruoyi.papersfound.controller.PapersfoundController.export()','GET',1,'xiaoming',NULL,'/papersfound/papersfound/export','127.0.0.1','内网IP','{\"papersCategory\":\"参数复杂性\"}',NULL,0,NULL,'2025-06-05 14:17:17',35),(364,'论文查询',5,'com.ruoyi.papersfound.controller.PapersfoundController.export()','GET',1,'xiaoming',NULL,'/papersfound/papersfound/export','127.0.0.1','内网IP','{}',NULL,0,NULL,'2025-06-05 14:18:28',26),(365,'论文查询',5,'com.ruoyi.papersfound.controller.PapersfoundController.export()','GET',1,'xiaoming',NULL,'/papersfound/papersfound/export','127.0.0.1','内网IP','{\"author\":\"小明\"}',NULL,0,NULL,'2025-06-05 14:18:44',28),(366,'参考文献',5,'com.ruoyi.literatures.controller.LiteraturesController.export()','GET',1,'xiaoming',NULL,'/literatures/literatures/export','127.0.0.1','内网IP','{}',NULL,0,NULL,'2025-06-05 14:19:10',22),(367,'论文管理',3,'com.ruoyi.papers.controller.PapersController.remove()','DELETE',1,'admintest',NULL,'/papers/papers/305','127.0.0.1','内网IP','[305]','{\"msg\":\"操作成功\",\"code\":200}',0,NULL,'2025-06-05 14:22:08',36),(368,'用户管理',1,'com.ruoyi.web.controller.system.SysUserController.add()','POST',1,'admintest',NULL,'/system/user','127.0.0.1','内网IP','{\"admin\":false,\"createBy\":\"admintest\",\"nickName\":\"12345\",\"params\":{},\"postIds\":[],\"roleIds\":[2],\"status\":\"0\",\"userId\":110,\"userName\":\"12345\"}','{\"msg\":\"操作成功\",\"code\":200}',0,NULL,'2025-06-05 14:31:07',113),(369,'用户管理',3,'com.ruoyi.web.controller.system.SysUserController.remove()','DELETE',1,'admintest',NULL,'/system/user/110','127.0.0.1','内网IP','[110]','{\"msg\":\"操作成功\",\"code\":200}',0,NULL,'2025-06-05 14:31:57',21);
/*!40000 ALTER TABLE `sys_oper_log` ENABLE KEYS */;
UNLOCK TABLES;

--
-- Table structure for table `sys_post`
--

DROP TABLE IF EXISTS `sys_post`;
/*!40101 SET @saved_cs_client     = @@character_set_client */;
/*!50503 SET character_set_client = utf8mb4 */;
CREATE TABLE `sys_post` (
  `post_id` bigint NOT NULL AUTO_INCREMENT COMMENT '岗位ID',
  `post_code` varchar(64) NOT NULL COMMENT '岗位编码',
  `post_name` varchar(50) NOT NULL COMMENT '岗位名称',
  `post_sort` int NOT NULL COMMENT '显示顺序',
  `status` char(1) NOT NULL COMMENT '状态（0正常 1停用）',
  `create_by` varchar(64) DEFAULT '' COMMENT '创建者',
  `create_time` datetime DEFAULT NULL COMMENT '创建时间',
  `update_by` varchar(64) DEFAULT '' COMMENT '更新者',
  `update_time` datetime DEFAULT NULL COMMENT '更新时间',
  `remark` varchar(500) DEFAULT NULL COMMENT '备注',
  PRIMARY KEY (`post_id`)
) ENGINE=InnoDB AUTO_INCREMENT=5 DEFAULT CHARSET=utf8mb4 COLLATE=utf8mb4_0900_ai_ci COMMENT='岗位信息表';
/*!40101 SET character_set_client = @saved_cs_client */;

--
-- Dumping data for table `sys_post`
--

LOCK TABLES `sys_post` WRITE;
/*!40000 ALTER TABLE `sys_post` DISABLE KEYS */;
INSERT INTO `sys_post` (`post_id`, `post_code`, `post_name`, `post_sort`, `status`, `create_by`, `create_time`, `update_by`, `update_time`, `remark`) VALUES (1,'ceo','董事长',1,'0','admin','2025-05-25 17:58:06','',NULL,''),(2,'se','项目经理',2,'0','admin','2025-05-25 17:58:06','',NULL,''),(3,'hr','人力资源',3,'0','admin','2025-05-25 17:58:06','',NULL,''),(4,'user','普通员工',4,'0','admin','2025-05-25 17:58:06','',NULL,'');
/*!40000 ALTER TABLE `sys_post` ENABLE KEYS */;
UNLOCK TABLES;

--
-- Table structure for table `sys_role`
--

DROP TABLE IF EXISTS `sys_role`;
/*!40101 SET @saved_cs_client     = @@character_set_client */;
/*!50503 SET character_set_client = utf8mb4 */;
CREATE TABLE `sys_role` (
  `role_id` bigint NOT NULL AUTO_INCREMENT COMMENT '角色ID',
  `role_name` varchar(30) NOT NULL COMMENT '角色名称',
  `role_key` varchar(100) NOT NULL COMMENT '角色权限字符串',
  `role_sort` int NOT NULL COMMENT '显示顺序',
  `data_scope` char(1) DEFAULT '1' COMMENT '数据范围（1：全部数据权限 2：自定数据权限 3：本部门数据权限 4：本部门及以下数据权限）',
  `menu_check_strictly` tinyint(1) DEFAULT '1' COMMENT '菜单树选择项是否关联显示',
  `dept_check_strictly` tinyint(1) DEFAULT '1' COMMENT '部门树选择项是否关联显示',
  `status` char(1) NOT NULL COMMENT '角色状态（0正常 1停用）',
  `del_flag` char(1) DEFAULT '0' COMMENT '删除标志（0代表存在 2代表删除）',
  `create_by` varchar(64) DEFAULT '' COMMENT '创建者',
  `create_time` datetime DEFAULT NULL COMMENT '创建时间',
  `update_by` varchar(64) DEFAULT '' COMMENT '更新者',
  `update_time` datetime DEFAULT NULL COMMENT '更新时间',
  `remark` varchar(500) DEFAULT NULL COMMENT '备注',
  PRIMARY KEY (`role_id`)
) ENGINE=InnoDB AUTO_INCREMENT=101 DEFAULT CHARSET=utf8mb4 COLLATE=utf8mb4_0900_ai_ci COMMENT='角色信息表';
/*!40101 SET character_set_client = @saved_cs_client */;

--
-- Dumping data for table `sys_role`
--

LOCK TABLES `sys_role` WRITE;
/*!40000 ALTER TABLE `sys_role` DISABLE KEYS */;
INSERT INTO `sys_role` (`role_id`, `role_name`, `role_key`, `role_sort`, `data_scope`, `menu_check_strictly`, `dept_check_strictly`, `status`, `del_flag`, `create_by`, `create_time`, `update_by`, `update_time`, `remark`) VALUES (1,'超级管理员','admin',1,'1',1,1,'0','0','admin','2025-05-25 17:58:06','',NULL,'超级管理员'),(2,'普通角色','common',2,'5',1,1,'0','0','admin','2025-05-25 17:58:06','admin','2025-06-04 20:50:12','普通角色'),(100,'管理员','admintest',3,'1',1,1,'0','0','admin','2025-05-26 19:46:56','admin','2025-05-26 19:49:34',NULL);
/*!40000 ALTER TABLE `sys_role` ENABLE KEYS */;
UNLOCK TABLES;

--
-- Table structure for table `sys_role_dept`
--

DROP TABLE IF EXISTS `sys_role_dept`;
/*!40101 SET @saved_cs_client     = @@character_set_client */;
/*!50503 SET character_set_client = utf8mb4 */;
CREATE TABLE `sys_role_dept` (
  `role_id` bigint NOT NULL COMMENT '角色ID',
  `dept_id` bigint NOT NULL COMMENT '部门ID',
  PRIMARY KEY (`role_id`,`dept_id`)
) ENGINE=InnoDB DEFAULT CHARSET=utf8mb4 COLLATE=utf8mb4_0900_ai_ci COMMENT='角色和部门关联表';
/*!40101 SET character_set_client = @saved_cs_client */;

--
-- Dumping data for table `sys_role_dept`
--

LOCK TABLES `sys_role_dept` WRITE;
/*!40000 ALTER TABLE `sys_role_dept` DISABLE KEYS */;
/*!40000 ALTER TABLE `sys_role_dept` ENABLE KEYS */;
UNLOCK TABLES;

--
-- Table structure for table `sys_role_menu`
--

DROP TABLE IF EXISTS `sys_role_menu`;
/*!40101 SET @saved_cs_client     = @@character_set_client */;
/*!50503 SET character_set_client = utf8mb4 */;
CREATE TABLE `sys_role_menu` (
  `role_id` bigint NOT NULL COMMENT '角色ID',
  `menu_id` bigint NOT NULL COMMENT '菜单ID',
  PRIMARY KEY (`role_id`,`menu_id`)
) ENGINE=InnoDB DEFAULT CHARSET=utf8mb4 COLLATE=utf8mb4_0900_ai_ci COMMENT='角色和菜单关联表';
/*!40101 SET character_set_client = @saved_cs_client */;

--
-- Dumping data for table `sys_role_menu`
--

LOCK TABLES `sys_role_menu` WRITE;
/*!40000 ALTER TABLE `sys_role_menu` DISABLE KEYS */;
INSERT INTO `sys_role_menu` (`role_id`, `menu_id`) VALUES (2,2006),(2,2007),(2,2008),(2,2009),(2,2010),(2,2011),(2,2012),(2,2013),(2,2014),(2,2015),(2,2016),(2,2017),(2,2018),(2,2019),(2,2020),(2,2021),(2,2022),(2,2023),(2,2024),(2,2025),(2,2026),(2,2027),(2,2028),(2,2029),(100,1),(100,100),(100,1000),(100,1001),(100,1002),(100,1003),(100,1004),(100,1005),(100,1006),(100,2000),(100,2001),(100,2002),(100,2003),(100,2004),(100,2005);
/*!40000 ALTER TABLE `sys_role_menu` ENABLE KEYS */;
UNLOCK TABLES;

--
-- Table structure for table `sys_user`
--

DROP TABLE IF EXISTS `sys_user`;
/*!40101 SET @saved_cs_client     = @@character_set_client */;
/*!50503 SET character_set_client = utf8mb4 */;
CREATE TABLE `sys_user` (
  `user_id` bigint NOT NULL AUTO_INCREMENT COMMENT '用户ID',
  `dept_id` bigint DEFAULT NULL COMMENT '部门ID',
  `user_name` varchar(30) NOT NULL COMMENT '用户账号',
  `nick_name` varchar(30) NOT NULL COMMENT '用户昵称',
  `user_type` varchar(2) DEFAULT '00' COMMENT '用户类型（00系统用户）',
  `email` varchar(50) DEFAULT '' COMMENT '用户邮箱',
  `phonenumber` varchar(11) DEFAULT '' COMMENT '手机号码',
  `sex` char(1) DEFAULT '0' COMMENT '用户性别（0男 1女 2未知）',
  `avatar` varchar(100) DEFAULT '' COMMENT '头像地址',
  `password` varchar(100) DEFAULT '' COMMENT '密码',
  `status` char(1) DEFAULT '0' COMMENT '账号状态（0正常 1停用）',
  `del_flag` char(1) DEFAULT '0' COMMENT '删除标志（0代表存在 2代表删除）',
  `login_ip` varchar(128) DEFAULT '' COMMENT '最后登录IP',
  `login_date` datetime DEFAULT NULL COMMENT '最后登录时间',
  `pwd_update_date` datetime DEFAULT NULL COMMENT '密码最后更新时间',
  `create_by` varchar(64) DEFAULT '' COMMENT '创建者',
  `create_time` datetime DEFAULT NULL COMMENT '创建时间',
  `update_by` varchar(64) DEFAULT '' COMMENT '更新者',
  `update_time` datetime DEFAULT NULL COMMENT '更新时间',
  `remark` varchar(500) DEFAULT NULL COMMENT '备注',
  PRIMARY KEY (`user_id`)
) ENGINE=InnoDB AUTO_INCREMENT=111 DEFAULT CHARSET=utf8mb4 COLLATE=utf8mb4_0900_ai_ci COMMENT='用户信息表';
/*!40101 SET character_set_client = @saved_cs_client */;

--
-- Dumping data for table `sys_user`
--

LOCK TABLES `sys_user` WRITE;
/*!40000 ALTER TABLE `sys_user` DISABLE KEYS */;
INSERT INTO `sys_user` (`user_id`, `dept_id`, `user_name`, `nick_name`, `user_type`, `email`, `phonenumber`, `sex`, `avatar`, `password`, `status`, `del_flag`, `login_ip`, `login_date`, `pwd_update_date`, `create_by`, `create_time`, `update_by`, `update_time`, `remark`) VALUES (102,NULL,'admintest','管理员','00','158456789@qq.com','15845674567','0','/profile/avatar/2025/06/04/OIP-C (1)_20250604215455A002.jpg','$2a$10$ncgLOUwQlgvpqapVt7HF1eFAdzA4AaKBaJT1w7uav33XLwDKeSpA.','0','0','127.0.0.1','2025-06-05 14:31:52',NULL,'admin','2025-05-26 19:51:55','admintest','2025-06-05 14:31:51',''),(103,NULL,'xiaoming','xiaoming','00','15856785678@qq.com','15856785678','0','/profile/avatar/2025/06/04/OIP-C_20250604215333A001.jpg','$2a$10$M.ReRjfO9EvgDByg2w9/meZeSHR6u6CO1Ag6E8EHqSiJtWa8RUDDy','0','0','127.0.0.1','2025-06-05 14:32:27',NULL,'admin','2025-05-26 19:53:29','','2025-06-05 14:32:27',NULL),(104,NULL,'xiaohong','xiaohong','00','15867896789@qq.com','15867896789','1','/profile/avatar/2025/06/04/OIP-C (2)_20250604215550A003.jpg','$2a$10$EofvYRhbo7yHNb3qnaCGQuNcJyGolv9ISrR//WVQP/ZqiXVzaBE7i','0','0','127.0.0.1','2025-06-05 14:20:50',NULL,'admin','2025-05-26 19:54:36','admintest','2025-06-05 14:20:49',NULL),(105,NULL,'xiaolan','xiaolan','00','15812344321@qq.com','15812344321','0','/profile/avatar/2025/06/04/OIP-C_20250604215719A004.jpg','$2a$10$4.rBC3.2LJDCKiscTh068Od1hUahqEhXEYQOvRYciV5F6JyrDkIPa','0','0','127.0.0.1','2025-06-04 21:56:37',NULL,'admintest','2025-05-27 15:31:34','','2025-06-04 21:56:37',NULL),(106,NULL,'xiaowang','xiaowang','00','15834563456@qq.com','15834563456','0','/profile/avatar/2025/06/04/OIP-C (1)_20250604215756A005.jpg','$2a$10$6NK4E9weL16/eCB0w2Pehue.iS1Xgw1K7XoF8f8vouuMzPozoCFMy','0','0','127.0.0.1','2025-06-04 21:57:31',NULL,'admintest','2025-05-27 15:32:18','','2025-06-04 21:57:31',NULL),(107,NULL,'xiaobai','xiaobai','00','15856785679@qq.com','15856785679','1','/profile/avatar/2025/06/04/OIP-C (2)_20250604215903A006.jpg','$2a$10$vSB4pF3fk2m5.pM4fOSqT.9N/e.P2AFs2fGcVvuEBuHkOsfcvJuaK','0','0','127.0.0.1','2025-06-04 21:58:19',NULL,'admintest','2025-05-27 15:33:44','','2025-06-04 21:58:18',NULL),(108,NULL,'xiaohei','xiaohei','00','15876547654@qq.com','15876547654','0','/profile/avatar/2025/06/04/OIP-C (3)_20250604215953A007.jpg','$2a$10$//yGp20UuSBDTNndQKbpKuv7ZvJpn9OSyXrEI0dRpnlBFZAvHytG6','0','0','127.0.0.1','2025-06-04 21:59:15',NULL,'admintest','2025-05-27 15:34:21','','2025-06-04 21:59:15',NULL),(109,NULL,'12345','12345','00','','','0','','$2a$10$Ow6pBJYvl1Tul01x3hU0y.oSfjamnRTqsOhZlgy3rThtJdC35mAve','0','2','127.0.0.1','2025-06-04 22:05:17',NULL,'','2025-06-04 22:05:09','','2025-06-04 22:05:16',NULL),(110,NULL,'12345','12345','00','','','0','','$2a$10$hUMlvJxmX1PF0sN4iNgsnOHtP01Nxyd.OCsseu1.QWktIjkGbmg6u','0','2','127.0.0.1','2025-06-05 14:31:24',NULL,'admintest','2025-06-05 14:31:07','','2025-06-05 14:31:24',NULL);
/*!40000 ALTER TABLE `sys_user` ENABLE KEYS */;
UNLOCK TABLES;

--
-- Table structure for table `sys_user_post`
--

DROP TABLE IF EXISTS `sys_user_post`;
/*!40101 SET @saved_cs_client     = @@character_set_client */;
/*!50503 SET character_set_client = utf8mb4 */;
CREATE TABLE `sys_user_post` (
  `user_id` bigint NOT NULL COMMENT '用户ID',
  `post_id` bigint NOT NULL COMMENT '岗位ID',
  PRIMARY KEY (`user_id`,`post_id`)
) ENGINE=InnoDB DEFAULT CHARSET=utf8mb4 COLLATE=utf8mb4_0900_ai_ci COMMENT='用户与岗位关联表';
/*!40101 SET character_set_client = @saved_cs_client */;

--
-- Dumping data for table `sys_user_post`
--

LOCK TABLES `sys_user_post` WRITE;
/*!40000 ALTER TABLE `sys_user_post` DISABLE KEYS */;
INSERT INTO `sys_user_post` (`user_id`, `post_id`) VALUES (1,1);
/*!40000 ALTER TABLE `sys_user_post` ENABLE KEYS */;
UNLOCK TABLES;

--
-- Table structure for table `sys_user_role`
--

DROP TABLE IF EXISTS `sys_user_role`;
/*!40101 SET @saved_cs_client     = @@character_set_client */;
/*!50503 SET character_set_client = utf8mb4 */;
CREATE TABLE `sys_user_role` (
  `user_id` bigint NOT NULL COMMENT '用户ID',
  `role_id` bigint NOT NULL COMMENT '角色ID',
  PRIMARY KEY (`user_id`,`role_id`)
) ENGINE=InnoDB DEFAULT CHARSET=utf8mb4 COLLATE=utf8mb4_0900_ai_ci COMMENT='用户和角色关联表';
/*!40101 SET character_set_client = @saved_cs_client */;

--
-- Dumping data for table `sys_user_role`
--

LOCK TABLES `sys_user_role` WRITE;
/*!40000 ALTER TABLE `sys_user_role` DISABLE KEYS */;
INSERT INTO `sys_user_role` (`user_id`, `role_id`) VALUES (1,1),(102,100),(103,2),(104,2),(105,2),(106,2),(107,2),(108,2);
/*!40000 ALTER TABLE `sys_user_role` ENABLE KEYS */;
UNLOCK TABLES;

--
-- Dumping routines for database 'ry-vue'
--
/*!40103 SET TIME_ZONE=@OLD_TIME_ZONE */;

/*!40101 SET SQL_MODE=@OLD_SQL_MODE */;
/*!40014 SET FOREIGN_KEY_CHECKS=@OLD_FOREIGN_KEY_CHECKS */;
/*!40014 SET UNIQUE_CHECKS=@OLD_UNIQUE_CHECKS */;
/*!40101 SET CHARACTER_SET_CLIENT=@OLD_CHARACTER_SET_CLIENT */;
/*!40101 SET CHARACTER_SET_RESULTS=@OLD_CHARACTER_SET_RESULTS */;
/*!40101 SET COLLATION_CONNECTION=@OLD_COLLATION_CONNECTION */;
/*!40111 SET SQL_NOTES=@OLD_SQL_NOTES */;

-- Dump completed on 2025-06-05 14:35:45
